order_id,customer_id,order_date,status
1,217,2025-08-12,Completed
2,68,2025-11-12,Completed
3,176,2025-01-23,Completed
4,459,2024-09-05,Completed
5,260,2025-05-11,Completed
6,122,2024-10-03,Completed
7,118,2025-09-25,Completed
8,174,2025-03-01,Completed
9,290,2026-03-12,Completed
10,124,2024-12-23,Completed
11,124,2025-09-08,Completed
12,167,2025-06-26,Completed
13,214,2025-03-07,Completed
14,380,2024-09-07,Completed
15,180,2026-05-06,Cancelled
16,80,2025-07-29,Completed
17,136,2024-10-21,Completed
18,264,2026-02-25,Pending
19,500,2025-01-14,Completed
20,402,2026-03-04,Completed
21,91,2026-04-04,Completed
22,183,2026-05-30,Completed
23,337,2025-01-03,Completed
24,431,2025-08-04,Completed
25,137,2025-05-16,Completed
26,146,2025-08-30,Completed
27,118,2025-04-23,Completed
28,100,2026-02-18,Completed
29,156,2026-04-24,Completed
30,453,2026-02-24,Completed
31,360,2024-09-11,Cancelled
32,38,2025-01-13,Cancelled
33,270,2024-09-15,Completed
34,45,2025-07-05,Completed
35,256,2025-06-19,Completed
36,318,2026-06-21,Completed
37,255,2025-07-30,Pending
38,331,2024-09-26,Completed
39,76,2025-06-14,Completed
40,68,2025-10-18,Cancelled
41,221,2026-05-03,Completed
42,90,2024-07-08,Completed
43,453,2025-06-12,Cancelled
44,436,2025-11-07,Pending
45,54,2025-04-07,Completed
46,30,2025-08-20,Completed
47,423,2024-12-30,Completed
48,10,2025-06-05,Completed
49,451,2026-03-05,Completed
50,6,2025-02-07,Completed
51,477,2025-09-03,Completed
52,302,2025-08-11,Completed
53,180,2025-11-30,Completed
54,352,2024-07-26,Completed
55,366,2026-04-20,Completed
56,287,2026-02-14,Completed
57,489,2025-08-30,Completed
58,156,2024-11-29,Completed
59,171,2025-06-14,Completed
60,187,2026-03-14,Completed
61,454,2025-12-15,Completed
62,424,2025-10-06,Cancelled
63,390,2025-11-16,Completed
64,30,2024-09-25,Completed
65,230,2025-09-11,Cancelled
66,467,2025-08-24,Completed
67,439,2025-11-15,Completed
68,330,2025-08-07,Completed
69,340,2025-11-08,Completed
70,168,2025-08-03,Completed
71,478,2025-06-25,Pending
72,86,2025-01-07,Completed
73,8,2024-10-25,Completed
74,258,2025-01-24,Completed
75,184,2025-01-23,Completed
76,345,2025-01-10,Completed
77,128,2025-06-29,Pending
78,453,2024-07-14,Cancelled
79,311,2026-05-29,Completed
80,253,2024-07-20,Completed
81,307,2024-11-19,Completed
82,63,2026-04-06,Completed
83,189,2025-02-21,Completed
84,118,2026-05-07,Completed
85,487,2026-04-28,Cancelled
86,467,2024-07-21,Completed
87,243,2025-11-13,Completed
88,362,2025-11-18,Completed
89,264,2025-04-03,Pending
90,243,2024-10-29,Completed
91,299,2025-04-29,Completed
92,222,2026-01-26,Completed
93,330,2026-02-09,Completed
94,215,2026-03-22,Completed
95,273,2025-04-10,Completed
96,428,2026-05-11,Pending
97,481,2025-10-04,Completed
98,495,2026-04-14,Pending
99,71,2024-07-16,Completed
100,330,2026-05-26,Completed
101,459,2025-11-20,Completed
102,78,2025-06-17,Completed
103,359,2024-07-28,Completed
104,365,2025-04-24,Completed
105,366,2025-08-06,Completed
106,265,2024-09-21,Completed
107,208,2025-06-17,Completed
108,135,2026-04-19,Completed
109,354,2025-11-01,Completed
110,195,2024-07-04,Pending
111,214,2025-04-12,Completed
112,406,2024-11-06,Completed
113,353,2025-08-29,Completed
114,72,2025-06-30,Completed
115,367,2025-11-15,Pending
116,162,2025-01-23,Completed
117,227,2025-11-17,Completed
118,437,2026-01-12,Completed
119,268,2024-08-21,Completed
120,227,2025-08-20,Completed
121,419,2025-08-22,Completed
122,190,2025-07-27,Completed
123,348,2024-12-03,Completed
124,183,2026-04-10,Completed
125,414,2026-02-05,Completed
126,307,2025-12-15,Completed
127,253,2026-03-23,Completed
128,117,2025-07-13,Completed
129,119,2026-03-24,Completed
130,496,2024-06-27,Completed
131,480,2026-05-24,Completed
132,310,2024-09-21,Completed
133,121,2026-03-17,Completed
134,227,2025-03-19,Completed
135,356,2024-08-15,Completed
136,201,2026-05-11,Completed
137,27,2024-08-03,Completed
138,70,2024-09-08,Completed
139,183,2024-11-26,Completed
140,344,2024-09-02,Completed
141,377,2026-03-19,Cancelled
142,85,2024-08-28,Completed
143,366,2025-02-13,Completed
144,279,2025-05-22,Cancelled
145,257,2024-08-25,Completed
146,169,2026-04-18,Completed
147,341,2024-07-06,Completed
148,413,2025-06-05,Completed
149,244,2024-10-01,Completed
150,217,2024-09-23,Completed
151,75,2026-02-08,Completed
152,179,2025-09-26,Completed
153,473,2026-05-26,Completed
154,113,2026-01-26,Completed
155,402,2025-02-03,Pending
156,468,2026-06-25,Completed
157,90,2024-07-18,Cancelled
158,192,2025-09-01,Completed
159,181,2026-03-07,Completed
160,137,2025-11-18,Completed
161,85,2024-08-24,Completed
162,59,2025-03-06,Completed
163,285,2026-06-17,Completed
164,344,2026-06-22,Completed
165,488,2025-08-09,Completed
166,478,2026-01-29,Pending
167,309,2025-04-15,Pending
168,282,2026-02-07,Completed
169,424,2024-07-27,Pending
170,306,2025-05-04,Completed
171,104,2024-12-11,Completed
172,186,2025-05-20,Completed
173,242,2025-01-18,Completed
174,379,2025-06-21,Completed
175,324,2025-03-15,Completed
176,9,2025-11-09,Completed
177,3,2024-10-21,Cancelled
178,13,2024-08-13,Completed
179,443,2024-11-15,Completed
180,281,2025-03-19,Pending
181,231,2024-07-08,Cancelled
182,483,2024-10-09,Completed
183,201,2025-01-20,Completed
184,131,2025-06-17,Completed
185,442,2026-02-04,Completed
186,237,2025-01-25,Pending
187,288,2024-08-09,Completed
188,437,2025-01-25,Completed
189,277,2025-07-14,Completed
190,114,2024-11-13,Completed
191,233,2025-11-01,Completed
192,163,2025-05-10,Completed
193,294,2024-09-24,Completed
194,91,2026-04-18,Completed
195,22,2025-01-20,Completed
196,271,2024-10-13,Completed
197,411,2025-03-09,Pending
198,211,2024-08-01,Completed
199,226,2025-06-23,Completed
200,333,2024-12-02,Completed
201,483,2025-12-23,Completed
202,167,2026-02-28,Completed
203,385,2025-02-02,Completed
204,205,2025-11-27,Completed
205,299,2024-08-08,Completed
206,411,2026-05-03,Cancelled
207,445,2025-11-29,Completed
208,192,2025-09-07,Completed
209,260,2026-02-07,Completed
210,98,2024-11-20,Completed
211,240,2025-11-13,Cancelled
212,225,2025-04-13,Completed
213,107,2026-06-24,Cancelled
214,340,2025-04-18,Completed
215,355,2025-11-22,Completed
216,344,2026-01-26,Completed
217,66,2025-04-06,Completed
218,405,2024-07-15,Completed
219,418,2025-10-19,Pending
220,280,2025-08-18,Completed
221,51,2024-10-06,Completed
222,197,2026-03-17,Completed
223,62,2024-10-29,Completed
224,476,2024-08-25,Completed
225,478,2025-03-30,Completed
226,164,2024-10-17,Cancelled
227,211,2026-04-13,Cancelled
228,246,2025-11-29,Completed
229,275,2025-07-12,Completed
230,278,2024-07-28,Completed
231,414,2025-02-17,Completed
232,44,2025-10-15,Pending
233,499,2024-11-04,Completed
234,438,2025-07-06,Completed
235,111,2025-08-19,Completed
236,332,2024-08-06,Completed
237,260,2025-05-15,Completed
238,344,2024-07-19,Completed
239,339,2025-12-15,Completed
240,153,2024-07-05,Cancelled
241,242,2024-10-31,Completed
242,193,2025-02-26,Cancelled
243,500,2026-04-16,Pending
244,473,2025-07-26,Completed
245,496,2026-05-13,Completed
246,420,2026-02-24,Completed
247,498,2025-07-26,Pending
248,428,2025-04-22,Completed
249,317,2026-04-04,Completed
250,330,2026-04-06,Completed
251,270,2025-02-23,Cancelled
252,388,2025-05-29,Pending
253,405,2025-04-02,Pending
254,182,2025-05-19,Pending
255,272,2024-11-08,Completed
256,141,2025-03-19,Completed
257,373,2026-02-06,Completed
258,436,2026-02-03,Completed
259,467,2025-01-24,Completed
260,243,2026-01-14,Completed
261,47,2025-04-07,Pending
262,215,2024-08-19,Completed
263,477,2026-06-09,Completed
264,13,2025-10-24,Completed
265,93,2025-01-31,Completed
266,425,2025-02-05,Completed
267,93,2025-04-27,Completed
268,163,2024-12-11,Pending
269,103,2024-07-15,Completed
270,45,2024-08-13,Completed
271,126,2024-10-02,Pending
272,192,2026-04-29,Pending
273,430,2025-06-07,Completed
274,406,2024-08-05,Completed
275,425,2025-03-28,Pending
276,196,2025-02-05,Cancelled
277,486,2025-11-12,Cancelled
278,103,2025-12-07,Completed
279,498,2024-09-05,Pending
280,340,2025-02-08,Completed
281,115,2024-08-29,Cancelled
282,450,2024-09-22,Completed
283,390,2025-04-12,Completed
284,292,2025-11-25,Cancelled
285,260,2025-01-05,Completed
286,492,2024-09-14,Completed
287,387,2025-01-09,Completed
288,323,2025-02-01,Completed
289,400,2026-02-03,Completed
290,249,2026-05-15,Completed
291,191,2024-12-04,Completed
292,488,2026-04-07,Completed
293,303,2025-02-24,Completed
294,236,2025-06-20,Completed
295,490,2024-08-15,Completed
296,139,2025-01-21,Completed
297,11,2026-06-16,Completed
298,178,2026-04-30,Completed
299,285,2026-01-15,Completed
300,39,2025-11-16,Completed
301,280,2024-09-30,Completed
302,366,2025-04-16,Completed
303,474,2024-09-28,Completed
304,448,2026-02-17,Completed
305,143,2026-05-17,Completed
306,174,2024-06-26,Completed
307,395,2025-09-17,Completed
308,350,2025-04-19,Completed
309,75,2025-10-26,Completed
310,342,2026-03-06,Completed
311,79,2025-07-09,Completed
312,228,2024-06-27,Completed
313,351,2024-09-16,Completed
314,451,2025-08-01,Completed
315,369,2025-01-10,Completed
316,406,2025-05-04,Completed
317,152,2026-02-07,Completed
318,19,2025-10-22,Cancelled
319,345,2026-06-03,Completed
320,26,2025-04-30,Cancelled
321,209,2025-06-03,Completed
322,227,2025-07-10,Completed
323,122,2026-03-17,Cancelled
324,137,2026-05-03,Completed
325,257,2026-06-19,Completed
326,495,2026-03-15,Completed
327,284,2025-04-09,Completed
328,127,2026-05-14,Completed
329,42,2026-01-30,Completed
330,104,2024-08-28,Completed
331,406,2026-03-16,Completed
332,88,2025-09-17,Completed
333,203,2025-11-09,Completed
334,449,2025-04-26,Completed
335,236,2025-11-28,Completed
336,489,2025-02-22,Cancelled
337,167,2024-08-12,Cancelled
338,271,2025-03-31,Completed
339,203,2026-05-02,Pending
340,289,2025-10-28,Completed
341,461,2025-11-05,Cancelled
342,328,2026-05-29,Completed
343,416,2025-12-26,Completed
344,74,2026-02-27,Completed
345,85,2025-02-22,Pending
346,235,2026-06-21,Pending
347,396,2026-02-17,Completed
348,167,2024-07-05,Completed
349,213,2026-02-12,Completed
350,139,2026-01-08,Completed
351,470,2024-11-13,Completed
352,402,2024-08-10,Completed
353,65,2025-02-03,Completed
354,420,2026-05-29,Completed
355,324,2025-05-14,Completed
356,495,2026-05-14,Completed
357,50,2025-11-09,Completed
358,398,2025-01-13,Completed
359,447,2024-08-20,Completed
360,70,2025-12-22,Pending
361,352,2024-08-13,Completed
362,108,2025-08-29,Completed
363,284,2026-06-18,Completed
364,190,2026-01-08,Completed
365,49,2025-08-08,Completed
366,442,2026-05-13,Pending
367,491,2026-01-19,Completed
368,232,2025-09-05,Completed
369,312,2026-04-25,Completed
370,131,2025-03-05,Completed
371,414,2025-08-17,Completed
372,120,2026-03-12,Completed
373,351,2025-03-16,Pending
374,194,2025-12-12,Completed
375,457,2025-01-29,Completed
376,344,2025-10-08,Completed
377,463,2025-10-10,Completed
378,108,2024-07-09,Completed
379,359,2024-08-19,Completed
380,483,2024-09-18,Completed
381,18,2025-05-23,Completed
382,395,2026-03-22,Cancelled
383,77,2025-03-17,Completed
384,179,2025-11-11,Completed
385,398,2024-12-18,Completed
386,462,2024-12-03,Completed
387,241,2025-08-29,Cancelled
388,273,2025-11-29,Completed
389,14,2025-01-28,Completed
390,407,2025-08-02,Completed
391,434,2024-12-03,Completed
392,205,2025-01-21,Completed
393,431,2025-11-30,Cancelled
394,359,2024-08-03,Completed
395,480,2025-01-31,Completed
396,472,2025-04-06,Completed
397,438,2024-08-03,Completed
398,59,2024-10-08,Completed
399,358,2025-07-11,Completed
400,88,2024-07-31,Completed
401,378,2026-01-27,Completed
402,359,2024-08-26,Completed
403,411,2024-11-20,Completed
404,67,2024-11-17,Completed
405,86,2024-12-24,Completed
406,418,2024-10-12,Completed
407,190,2024-09-03,Completed
408,40,2025-09-01,Completed
409,274,2024-10-06,Pending
410,437,2024-07-27,Pending
411,119,2024-11-04,Completed
412,229,2026-06-21,Completed
413,429,2025-01-09,Completed
414,327,2026-01-28,Completed
415,249,2025-09-19,Completed
416,241,2024-12-08,Completed
417,8,2025-08-02,Completed
418,409,2026-05-04,Completed
419,342,2024-08-03,Completed
420,179,2025-06-16,Completed
421,231,2025-12-07,Completed
422,191,2026-03-22,Completed
423,192,2025-04-15,Completed
424,104,2025-03-13,Completed
425,416,2025-12-10,Completed
426,496,2024-08-18,Pending
427,390,2026-02-21,Completed
428,30,2025-06-30,Completed
429,474,2026-05-04,Completed
430,342,2024-06-29,Completed
431,445,2026-05-18,Pending
432,317,2025-04-09,Completed
433,16,2025-06-29,Pending
434,174,2025-02-24,Completed
435,361,2025-10-14,Completed
436,313,2024-07-07,Completed
437,22,2026-05-26,Completed
438,189,2025-11-04,Completed
439,62,2024-07-31,Completed
440,13,2024-07-14,Completed
441,456,2025-05-11,Completed
442,400,2025-09-27,Completed
443,343,2025-12-18,Completed
444,370,2025-06-06,Completed
445,362,2026-06-04,Completed
446,448,2025-05-07,Completed
447,388,2024-08-01,Pending
448,269,2025-01-06,Cancelled
449,42,2025-03-09,Completed
450,348,2025-06-05,Completed
451,381,2025-12-23,Completed
452,272,2024-09-09,Completed
453,254,2026-01-24,Completed
454,309,2025-01-05,Completed
455,434,2024-08-11,Cancelled
456,341,2025-02-08,Completed
457,314,2024-07-25,Completed
458,469,2025-05-24,Completed
459,76,2024-09-07,Completed
460,6,2024-12-05,Completed
461,419,2025-07-16,Completed
462,339,2025-06-10,Pending
463,145,2025-11-01,Completed
464,121,2025-09-07,Completed
465,7,2025-06-11,Completed
466,19,2025-12-08,Completed
467,4,2026-03-30,Completed
468,18,2026-02-19,Completed
469,19,2026-04-26,Pending
470,225,2025-11-23,Completed
471,357,2025-03-17,Pending
472,287,2025-10-10,Completed
473,49,2025-03-05,Completed
474,491,2024-11-09,Completed
475,53,2025-06-15,Completed
476,149,2025-08-05,Cancelled
477,92,2025-11-23,Completed
478,184,2025-02-27,Completed
479,399,2026-05-16,Pending
480,377,2026-02-18,Completed
481,93,2025-08-02,Completed
482,261,2025-06-17,Completed
483,315,2025-12-19,Cancelled
484,275,2026-02-03,Pending
485,387,2026-05-13,Completed
486,110,2024-12-09,Completed
487,96,2024-10-11,Completed
488,270,2024-08-02,Completed
489,302,2025-10-12,Completed
490,116,2024-11-05,Completed
491,183,2025-02-24,Completed
492,414,2024-06-28,Completed
493,115,2024-07-11,Completed
494,415,2026-03-24,Completed
495,28,2025-05-16,Completed
496,202,2024-10-21,Completed
497,41,2025-04-18,Completed
498,131,2026-05-04,Completed
499,425,2024-11-20,Completed
500,267,2026-05-03,Completed
501,289,2026-03-30,Completed
502,402,2025-06-21,Completed
503,171,2025-10-19,Completed
504,430,2025-07-31,Completed
505,418,2025-09-11,Completed
506,351,2025-07-17,Completed
507,285,2024-12-13,Completed
508,289,2024-06-26,Completed
509,170,2024-09-29,Cancelled
510,95,2025-05-28,Completed
511,339,2026-06-02,Completed
512,371,2024-09-01,Completed
513,411,2025-02-26,Completed
514,398,2026-03-10,Pending
515,359,2025-11-10,Completed
516,222,2025-07-09,Completed
517,465,2026-01-11,Completed
518,293,2025-01-08,Completed
519,195,2025-05-17,Completed
520,3,2025-11-19,Completed
521,140,2024-08-26,Cancelled
522,340,2025-08-24,Completed
523,189,2024-09-13,Cancelled
524,499,2025-09-18,Pending
525,291,2024-12-06,Completed
526,24,2025-01-01,Completed
527,433,2025-11-17,Completed
528,439,2025-02-26,Completed
529,105,2024-09-03,Completed
530,346,2024-07-11,Completed
531,348,2025-07-23,Completed
532,326,2026-01-08,Completed
533,409,2024-12-13,Completed
534,441,2025-12-05,Completed
535,327,2025-06-02,Completed
536,43,2025-08-06,Cancelled
537,210,2024-09-24,Completed
538,94,2024-12-10,Completed
539,43,2026-01-14,Completed
540,41,2026-06-02,Completed
541,325,2025-03-12,Completed
542,106,2026-06-04,Completed
543,310,2025-04-05,Completed
544,401,2025-10-19,Completed
545,298,2024-10-02,Completed
546,449,2026-05-28,Completed
547,333,2025-05-23,Completed
548,98,2024-08-19,Completed
549,496,2025-12-06,Completed
550,90,2025-02-03,Pending
551,249,2026-01-29,Completed
552,316,2026-04-06,Completed
553,110,2024-10-08,Cancelled
554,499,2024-08-11,Completed
555,329,2025-02-18,Completed
556,165,2024-08-23,Completed
557,19,2025-11-10,Completed
558,453,2025-01-28,Completed
559,463,2025-12-15,Pending
560,417,2024-09-11,Completed
561,219,2025-11-13,Completed
562,101,2026-03-28,Completed
563,221,2026-05-16,Completed
564,375,2025-04-09,Cancelled
565,233,2025-11-18,Completed
566,349,2026-06-07,Cancelled
567,268,2024-08-21,Completed
568,479,2024-09-11,Completed
569,48,2026-02-11,Pending
570,449,2025-10-25,Pending
571,478,2026-01-16,Completed
572,102,2025-09-23,Completed
573,217,2026-03-09,Completed
574,447,2025-12-18,Completed
575,328,2025-01-16,Cancelled
576,24,2024-07-24,Completed
577,399,2025-02-16,Completed
578,20,2025-12-14,Completed
579,153,2026-06-12,Pending
580,293,2024-07-13,Completed
581,429,2025-06-02,Completed
582,32,2025-01-15,Completed
583,474,2024-12-19,Completed
584,455,2024-11-02,Completed
585,375,2026-01-19,Completed
586,465,2025-08-05,Pending
587,345,2026-02-15,Completed
588,64,2024-11-22,Completed
589,419,2026-05-05,Completed
590,48,2025-03-09,Completed
591,142,2024-07-28,Completed
592,483,2024-11-19,Completed
593,220,2025-01-15,Completed
594,355,2026-01-15,Completed
595,476,2026-06-13,Completed
596,277,2024-12-14,Completed
597,487,2025-10-11,Completed
598,112,2025-07-22,Completed
599,287,2025-04-08,Completed
600,259,2026-02-07,Completed
601,171,2024-08-17,Completed
602,396,2024-10-27,Cancelled
603,472,2025-12-26,Completed
604,298,2024-08-07,Completed
605,286,2025-06-22,Completed
606,365,2025-09-13,Cancelled
607,383,2025-03-17,Completed
608,425,2025-03-25,Completed
609,341,2025-02-20,Completed
610,18,2026-03-14,Pending
611,63,2025-06-20,Completed
612,271,2024-07-12,Completed
613,263,2025-02-09,Completed
614,228,2024-09-27,Completed
615,230,2024-07-28,Cancelled
616,250,2025-09-29,Completed
617,59,2025-01-11,Completed
618,427,2025-02-08,Completed
619,222,2025-02-04,Completed
620,109,2025-07-25,Completed
621,30,2026-01-26,Completed
622,394,2026-04-15,Cancelled
623,410,2024-11-20,Completed
624,216,2026-03-24,Completed
625,18,2025-09-03,Completed
626,365,2025-02-21,Completed
627,428,2026-04-13,Completed
628,185,2025-08-09,Cancelled
629,331,2025-04-03,Completed
630,399,2025-10-13,Cancelled
631,426,2024-12-09,Completed
632,221,2024-10-18,Completed
633,224,2026-01-15,Completed
634,204,2025-04-18,Completed
635,469,2026-02-11,Completed
636,28,2025-11-30,Completed
637,169,2025-03-11,Completed
638,333,2025-12-08,Cancelled
639,395,2024-08-17,Completed
640,453,2024-11-30,Pending
641,137,2024-11-06,Completed
642,83,2025-10-06,Completed
643,376,2026-01-06,Completed
644,397,2024-10-15,Cancelled
645,8,2025-09-24,Cancelled
646,2,2024-11-16,Completed
647,425,2024-12-31,Completed
648,391,2025-05-04,Completed
649,329,2026-03-03,Completed
650,71,2025-06-13,Completed
651,276,2026-03-26,Completed
652,60,2025-12-17,Completed
653,119,2026-05-02,Completed
654,494,2024-07-07,Completed
655,348,2024-07-04,Completed
656,332,2025-05-16,Completed
657,352,2026-04-18,Pending
658,10,2026-04-28,Completed
659,469,2025-08-03,Completed
660,214,2025-07-14,Completed
661,456,2025-08-18,Completed
662,361,2025-05-12,Cancelled
663,436,2025-05-18,Completed
664,437,2025-12-26,Completed
665,162,2025-09-06,Completed
666,65,2024-12-07,Completed
667,335,2025-05-21,Completed
668,67,2024-07-15,Completed
669,136,2024-08-14,Completed
670,317,2026-02-01,Completed
671,323,2026-05-01,Completed
672,466,2025-08-14,Completed
673,465,2025-08-25,Pending
674,288,2025-01-30,Completed
675,82,2025-09-15,Completed
676,187,2026-01-04,Completed
677,499,2025-08-22,Cancelled
678,439,2026-05-28,Completed
679,190,2024-11-26,Completed
680,491,2025-12-25,Pending
681,312,2024-10-12,Completed
682,202,2025-07-06,Cancelled
683,147,2025-12-15,Completed
684,110,2025-09-05,Completed
685,252,2024-07-02,Completed
686,108,2024-12-21,Completed
687,277,2026-05-17,Completed
688,157,2025-07-04,Completed
689,269,2025-07-09,Completed
690,62,2024-07-28,Completed
691,309,2025-09-03,Completed
692,463,2024-10-11,Completed
693,499,2025-11-05,Completed
694,54,2025-08-05,Completed
695,357,2026-05-02,Completed
696,317,2024-08-15,Pending
697,275,2024-07-21,Completed
698,267,2024-07-21,Completed
699,17,2024-10-29,Cancelled
700,258,2025-11-20,Completed
701,347,2024-11-27,Completed
702,183,2026-06-16,Completed
703,235,2025-12-24,Cancelled
704,88,2025-02-23,Completed
705,252,2025-05-02,Cancelled
706,141,2026-04-01,Completed
707,272,2024-11-25,Completed
708,80,2025-06-15,Completed
709,401,2024-10-06,Completed
710,127,2026-04-14,Cancelled
711,3,2024-11-10,Completed
712,88,2024-09-04,Completed
713,244,2025-06-16,Completed
714,317,2024-07-30,Completed
715,216,2025-11-02,Completed
716,303,2026-03-31,Cancelled
717,148,2025-03-07,Completed
718,96,2025-06-02,Completed
719,203,2025-08-14,Completed
720,75,2025-07-14,Pending
721,443,2026-03-29,Completed
722,398,2025-09-30,Completed
723,226,2025-06-24,Completed
724,361,2025-02-15,Completed
725,300,2026-06-18,Completed
726,430,2025-04-20,Completed
727,413,2026-04-23,Completed
728,259,2026-03-24,Completed
729,320,2024-07-14,Completed
730,157,2025-03-13,Completed
731,354,2024-07-01,Completed
732,19,2026-06-09,Pending
733,221,2026-03-24,Completed
734,406,2025-03-29,Completed
735,134,2026-05-10,Completed
736,85,2024-09-23,Completed
737,99,2025-07-16,Cancelled
738,480,2024-11-18,Completed
739,469,2025-12-31,Completed
740,456,2025-06-26,Completed
741,35,2024-10-15,Completed
742,215,2025-07-27,Completed
743,487,2024-10-13,Completed
744,450,2025-11-20,Completed
745,434,2025-07-20,Completed
746,49,2025-12-02,Completed
747,164,2024-09-29,Completed
748,375,2024-07-28,Pending
749,499,2024-08-22,Completed
750,138,2025-09-22,Cancelled
751,115,2026-01-20,Pending
752,12,2025-12-19,Completed
753,156,2025-06-27,Completed
754,106,2025-09-01,Completed
755,160,2025-04-24,Completed
756,443,2025-07-23,Completed
757,330,2025-05-11,Completed
758,201,2025-02-20,Cancelled
759,7,2024-11-26,Cancelled
760,467,2025-11-21,Completed
761,498,2026-02-26,Completed
762,316,2025-10-25,Cancelled
763,374,2025-08-04,Completed
764,119,2024-11-04,Completed
765,415,2026-04-22,Completed
766,85,2025-02-22,Completed
767,57,2026-03-23,Completed
768,220,2025-02-05,Pending
769,336,2026-01-03,Completed
770,322,2025-12-01,Completed
771,341,2025-03-25,Completed
772,333,2025-08-24,Completed
773,26,2025-05-20,Cancelled
774,23,2024-12-28,Pending
775,206,2025-08-04,Cancelled
776,386,2024-09-11,Pending
777,460,2025-05-16,Completed
778,25,2025-10-01,Pending
779,270,2025-03-14,Completed
780,318,2025-04-24,Cancelled
781,125,2025-12-26,Completed
782,106,2025-03-09,Cancelled
783,93,2025-04-03,Completed
784,224,2024-10-24,Completed
785,325,2025-05-12,Cancelled
786,7,2025-02-12,Completed
787,132,2025-07-28,Completed
788,425,2026-04-06,Completed
789,440,2026-04-14,Completed
790,238,2024-06-30,Cancelled
791,141,2026-06-01,Completed
792,56,2025-03-28,Completed
793,347,2025-08-25,Completed
794,247,2025-08-29,Completed
795,491,2025-02-02,Completed
796,153,2025-10-29,Completed
797,278,2026-06-14,Completed
798,384,2026-01-04,Completed
799,101,2026-06-17,Completed
800,261,2025-08-10,Completed
801,31,2026-05-10,Cancelled
802,375,2025-07-15,Completed
803,256,2025-03-05,Completed
804,62,2025-05-13,Completed
805,185,2024-09-20,Cancelled
806,195,2026-06-15,Completed
807,419,2025-12-12,Completed
808,480,2025-06-18,Completed
809,253,2025-07-16,Pending
810,133,2025-06-12,Completed
811,111,2025-09-20,Completed
812,401,2026-06-09,Completed
813,65,2024-11-28,Completed
814,267,2026-06-17,Completed
815,186,2024-11-20,Completed
816,128,2025-12-16,Completed
817,221,2026-06-18,Completed
818,275,2025-04-06,Completed
819,144,2026-06-12,Completed
820,476,2025-04-29,Completed
821,101,2026-01-23,Pending
822,23,2025-10-16,Pending
823,112,2026-04-27,Completed
824,218,2025-02-26,Completed
825,220,2024-07-17,Completed
826,260,2026-03-19,Completed
827,105,2025-07-24,Completed
828,22,2026-02-25,Completed
829,249,2025-05-24,Completed
830,410,2025-03-23,Completed
831,441,2025-03-23,Cancelled
832,228,2026-01-05,Completed
833,472,2024-12-16,Completed
834,421,2025-05-27,Completed
835,407,2026-04-02,Completed
836,469,2025-07-17,Cancelled
837,29,2025-03-03,Completed
838,176,2025-07-27,Completed
839,250,2025-06-14,Completed
840,309,2026-05-17,Completed
841,118,2026-04-24,Completed
842,63,2024-10-08,Cancelled
843,170,2025-04-07,Completed
844,162,2025-10-19,Cancelled
845,159,2026-04-30,Completed
846,150,2024-08-16,Completed
847,269,2024-11-20,Completed
848,50,2025-09-12,Completed
849,316,2025-04-01,Completed
850,213,2026-01-19,Completed
851,345,2026-02-05,Completed
852,300,2025-02-19,Pending
853,404,2025-05-27,Completed
854,311,2026-03-27,Completed
855,491,2024-12-20,Completed
856,302,2024-07-28,Cancelled
857,157,2024-09-07,Completed
858,243,2026-01-30,Cancelled
859,395,2025-10-21,Completed
860,441,2024-11-14,Completed
861,209,2024-12-21,Completed
862,432,2025-05-07,Completed
863,260,2025-03-16,Completed
864,306,2025-06-01,Completed
865,66,2025-01-21,Completed
866,255,2026-02-19,Completed
867,353,2024-11-02,Completed
868,473,2026-05-22,Completed
869,182,2024-12-05,Completed
870,428,2026-02-11,Completed
871,379,2025-09-03,Completed
872,277,2024-07-11,Completed
873,188,2026-04-28,Completed
874,31,2026-04-11,Completed
875,73,2024-08-21,Completed
876,199,2024-08-13,Completed
877,293,2026-04-21,Completed
878,158,2025-04-26,Cancelled
879,7,2025-02-16,Completed
880,58,2025-09-16,Completed
881,245,2026-01-27,Completed
882,71,2024-07-21,Completed
883,67,2025-11-30,Completed
884,437,2024-07-27,Completed
885,267,2025-11-18,Completed
886,271,2025-10-01,Pending
887,99,2026-04-03,Cancelled
888,375,2025-02-20,Completed
889,334,2024-10-11,Completed
890,39,2025-01-04,Completed
891,269,2025-02-04,Cancelled
892,221,2024-12-01,Completed
893,156,2026-02-11,Completed
894,234,2024-07-29,Completed
895,33,2024-07-17,Completed
896,393,2025-04-11,Completed
897,426,2025-12-25,Completed
898,382,2025-01-29,Pending
899,291,2024-12-21,Completed
900,195,2025-01-13,Completed
901,413,2025-03-25,Cancelled
902,347,2026-02-28,Completed
903,460,2024-08-31,Completed
904,61,2025-02-19,Completed
905,329,2025-10-30,Completed
906,137,2026-03-08,Completed
907,168,2024-09-23,Completed
908,112,2025-04-19,Completed
909,385,2025-05-24,Cancelled
910,46,2026-01-20,Cancelled
911,191,2024-09-27,Pending
912,173,2025-11-27,Completed
913,432,2025-06-28,Completed
914,304,2025-12-28,Completed
915,219,2026-06-22,Completed
916,349,2025-02-17,Completed
917,485,2025-06-24,Completed
918,493,2024-12-27,Pending
919,208,2025-09-09,Pending
920,494,2026-01-03,Completed
921,2,2026-05-09,Cancelled
922,291,2025-01-03,Completed
923,358,2024-10-04,Pending
924,317,2024-07-29,Cancelled
925,364,2025-06-06,Completed
926,458,2024-09-05,Completed
927,459,2025-08-30,Completed
928,393,2024-06-29,Completed
929,296,2026-03-26,Completed
930,20,2025-02-06,Completed
931,74,2024-07-15,Completed
932,194,2025-02-19,Completed
933,434,2026-06-02,Pending
934,103,2026-06-10,Completed
935,303,2025-04-23,Completed
936,156,2025-11-18,Completed
937,27,2025-10-14,Completed
938,449,2026-01-05,Completed
939,69,2026-03-23,Completed
940,90,2026-05-09,Completed
941,301,2024-10-03,Completed
942,162,2025-05-19,Completed
943,66,2025-11-19,Completed
944,440,2024-11-19,Completed
945,357,2025-11-20,Pending
946,376,2026-01-31,Completed
947,254,2025-06-23,Completed
948,283,2025-06-20,Completed
949,103,2025-02-19,Cancelled
950,462,2026-03-17,Completed
951,33,2026-01-06,Completed
952,265,2024-08-19,Completed
953,87,2024-12-31,Completed
954,30,2025-12-08,Pending
955,307,2025-09-13,Completed
956,20,2024-11-20,Cancelled
957,230,2025-11-26,Completed
958,335,2024-09-25,Completed
959,143,2025-09-14,Completed
960,410,2025-10-04,Completed
961,470,2026-03-27,Completed
962,248,2024-11-10,Completed
963,328,2025-05-08,Completed
964,20,2025-11-30,Completed
965,282,2024-11-26,Completed
966,219,2024-12-06,Completed
967,151,2024-09-05,Cancelled
968,466,2025-10-22,Completed
969,69,2026-04-14,Completed
970,355,2025-05-25,Completed
971,205,2026-01-25,Pending
972,487,2025-03-16,Cancelled
973,226,2024-08-15,Completed
974,24,2024-10-12,Completed
975,188,2026-02-24,Completed
976,82,2026-05-06,Completed
977,228,2026-04-26,Completed
978,470,2026-01-12,Completed
979,203,2025-03-23,Completed
980,356,2026-06-15,Completed
981,155,2025-05-02,Completed
982,56,2026-06-24,Completed
983,353,2025-06-15,Completed
984,75,2025-06-22,Completed
985,481,2024-06-26,Pending
986,263,2025-05-08,Completed
987,58,2026-01-06,Completed
988,246,2024-07-20,Completed
989,61,2024-09-07,Completed
990,368,2025-03-16,Cancelled
991,426,2025-06-29,Completed
992,236,2024-08-01,Completed
993,287,2025-11-10,Completed
994,266,2026-06-04,Completed
995,181,2025-10-23,Cancelled
996,21,2026-05-11,Completed
997,161,2025-07-11,Cancelled
998,174,2026-04-20,Completed
999,438,2025-07-17,Pending
1000,453,2025-08-21,Pending
1001,485,2024-10-29,Completed
1002,498,2025-08-12,Completed
1003,100,2024-09-14,Completed
1004,404,2025-01-11,Completed
1005,407,2026-03-07,Completed
1006,485,2025-02-13,Completed
1007,396,2025-11-07,Cancelled
1008,255,2025-02-11,Completed
1009,27,2025-06-11,Completed
1010,160,2024-09-30,Completed
1011,97,2025-05-20,Completed
1012,453,2025-04-27,Completed
1013,245,2026-05-22,Completed
1014,45,2025-02-27,Cancelled
1015,214,2024-08-03,Cancelled
1016,311,2025-04-07,Completed
1017,464,2026-04-28,Completed
1018,199,2026-06-03,Completed
1019,176,2024-11-23,Completed
1020,65,2026-04-11,Completed
1021,466,2024-10-24,Completed
1022,133,2025-02-18,Completed
1023,135,2025-06-13,Completed
1024,63,2025-01-15,Completed
1025,488,2026-02-27,Cancelled
1026,303,2025-12-15,Completed
1027,347,2025-04-29,Completed
1028,63,2025-08-23,Completed
1029,127,2024-08-14,Pending
1030,34,2025-05-29,Pending
1031,242,2025-01-24,Pending
1032,316,2024-12-14,Completed
1033,487,2025-06-05,Completed
1034,383,2025-08-26,Completed
1035,327,2025-03-24,Completed
1036,307,2025-04-28,Completed
1037,333,2025-11-20,Completed
1038,98,2025-08-30,Completed
1039,252,2026-01-15,Completed
1040,30,2026-02-06,Completed
1041,388,2026-04-27,Cancelled
1042,172,2026-03-30,Completed
1043,196,2025-05-18,Completed
1044,319,2025-03-25,Completed
1045,33,2025-01-02,Completed
1046,470,2024-12-03,Pending
1047,304,2024-09-17,Completed
1048,110,2025-07-18,Completed
1049,164,2025-08-23,Completed
1050,286,2026-05-13,Completed
1051,261,2024-07-31,Pending
1052,267,2025-11-24,Completed
1053,461,2026-02-18,Cancelled
1054,215,2024-10-24,Completed
1055,94,2024-07-28,Pending
1056,76,2024-07-11,Completed
1057,96,2024-07-12,Completed
1058,491,2026-05-30,Completed
1059,361,2024-11-26,Cancelled
1060,411,2025-08-17,Completed
1061,494,2024-09-02,Completed
1062,235,2024-10-10,Completed
1063,111,2024-07-02,Completed
1064,280,2024-09-07,Completed
1065,148,2025-04-23,Completed
1066,120,2025-08-06,Pending
1067,257,2025-12-07,Completed
1068,101,2026-05-12,Completed
1069,217,2026-05-25,Completed
1070,469,2026-04-10,Completed
1071,426,2025-05-23,Completed
1072,18,2025-10-15,Cancelled
1073,62,2024-09-03,Completed
1074,52,2026-06-14,Completed
1075,396,2024-12-26,Completed
1076,172,2024-10-16,Completed
1077,382,2025-10-29,Completed
1078,321,2026-04-04,Pending
1079,159,2024-09-27,Completed
1080,215,2024-10-30,Completed
1081,261,2026-05-28,Completed
1082,109,2025-02-06,Completed
1083,495,2025-05-09,Pending
1084,497,2025-02-27,Completed
1085,281,2025-12-26,Cancelled
1086,78,2025-04-30,Completed
1087,66,2024-07-28,Completed
1088,149,2024-11-08,Completed
1089,214,2025-03-26,Completed
1090,369,2025-11-23,Completed
1091,480,2025-11-01,Completed
1092,215,2025-06-07,Pending
1093,410,2024-08-07,Completed
1094,453,2024-09-07,Completed
1095,208,2025-10-06,Pending
1096,39,2024-08-24,Cancelled
1097,24,2024-10-25,Completed
1098,385,2025-03-20,Completed
1099,207,2025-03-01,Completed
1100,193,2025-05-26,Completed
1101,53,2024-08-11,Completed
1102,153,2026-05-26,Completed
1103,375,2025-06-25,Cancelled
1104,207,2025-12-06,Completed
1105,470,2024-09-26,Completed
1106,113,2025-10-07,Cancelled
1107,97,2025-06-10,Completed
1108,34,2024-06-30,Completed
1109,118,2024-07-09,Completed
1110,183,2026-05-11,Completed
1111,34,2025-12-03,Completed
1112,201,2025-02-23,Completed
1113,157,2024-08-09,Completed
1114,51,2025-01-01,Pending
1115,299,2025-07-24,Completed
1116,344,2025-10-10,Pending
1117,33,2026-02-01,Cancelled
1118,337,2025-09-23,Completed
1119,53,2026-05-27,Completed
1120,236,2026-04-27,Completed
1121,176,2025-07-01,Completed
1122,205,2025-05-09,Completed
1123,120,2025-04-09,Completed
1124,53,2026-01-19,Completed
1125,153,2025-10-12,Completed
1126,5,2026-02-27,Pending
1127,214,2025-01-15,Completed
1128,141,2025-11-26,Completed
1129,100,2024-11-22,Completed
1130,189,2024-06-26,Completed
1131,168,2026-05-22,Completed
1132,286,2024-08-04,Completed
1133,447,2024-10-10,Completed
1134,273,2024-11-18,Completed
1135,470,2024-10-27,Completed
1136,394,2024-12-10,Completed
1137,370,2025-07-13,Completed
1138,435,2025-02-06,Pending
1139,256,2025-02-25,Completed
1140,432,2025-01-30,Completed
1141,217,2024-08-20,Completed
1142,297,2024-11-23,Completed
1143,40,2026-05-26,Completed
1144,198,2026-01-16,Completed
1145,478,2024-09-24,Cancelled
1146,363,2025-01-22,Completed
1147,372,2025-05-30,Completed
1148,31,2024-07-27,Completed
1149,424,2025-11-12,Completed
1150,363,2025-01-03,Pending
1151,90,2025-07-02,Completed
1152,235,2024-12-07,Completed
1153,176,2025-12-24,Completed
1154,211,2025-07-27,Completed
1155,360,2025-07-10,Cancelled
1156,6,2025-05-26,Completed
1157,451,2024-12-23,Completed
1158,120,2025-12-23,Completed
1159,115,2025-06-29,Pending
1160,269,2025-08-10,Completed
1161,41,2026-06-22,Completed
1162,392,2025-06-30,Completed
1163,72,2026-02-25,Completed
1164,375,2025-05-17,Completed
1165,151,2025-12-17,Completed
1166,383,2025-02-09,Completed
1167,122,2024-10-31,Cancelled
1168,346,2026-03-28,Completed
1169,223,2024-12-13,Completed
1170,402,2024-12-06,Completed
1171,493,2025-11-28,Cancelled
1172,432,2025-04-04,Completed
1173,276,2025-10-07,Completed
1174,387,2024-08-26,Completed
1175,422,2025-01-14,Completed
1176,470,2025-03-05,Completed
1177,166,2025-08-06,Completed
1178,318,2025-11-04,Completed
1179,123,2026-02-19,Completed
1180,480,2025-11-12,Completed
1181,186,2025-09-05,Completed
1182,25,2024-12-01,Completed
1183,158,2026-02-20,Completed
1184,261,2025-07-15,Completed
1185,465,2024-10-17,Pending
1186,114,2026-02-24,Pending
1187,227,2026-06-09,Completed
1188,459,2024-09-19,Completed
1189,483,2025-03-19,Completed
1190,375,2024-06-27,Completed
1191,362,2026-05-03,Completed
1192,85,2024-12-24,Completed
1193,76,2026-04-29,Completed
1194,171,2026-06-13,Pending
1195,86,2025-01-08,Completed
1196,58,2026-01-31,Completed
1197,203,2025-01-04,Completed
1198,109,2026-02-02,Cancelled
1199,461,2024-11-26,Completed
1200,482,2024-10-10,Completed
1201,295,2025-12-24,Completed
1202,194,2025-01-21,Completed
1203,339,2026-04-02,Completed
1204,153,2026-03-24,Completed
1205,152,2026-06-15,Completed
1206,362,2026-06-17,Completed
1207,91,2025-11-28,Pending
1208,52,2025-10-11,Completed
1209,483,2024-09-03,Completed
1210,497,2026-05-24,Completed
1211,313,2025-01-07,Completed
1212,187,2025-04-10,Completed
1213,481,2024-11-05,Completed
1214,276,2025-07-09,Completed
1215,361,2024-10-18,Completed
1216,392,2025-12-20,Completed
1217,37,2026-02-09,Completed
1218,476,2024-08-08,Pending
1219,257,2025-06-30,Completed
1220,96,2026-06-12,Completed
1221,221,2025-03-09,Completed
1222,269,2025-03-31,Completed
1223,59,2026-05-27,Cancelled
1224,208,2024-10-28,Completed
1225,130,2026-02-06,Pending
1226,235,2025-10-12,Pending
1227,135,2024-12-29,Completed
1228,455,2026-04-25,Completed
1229,420,2025-12-17,Completed
1230,25,2025-01-27,Completed
1231,215,2025-07-04,Pending
1232,230,2025-08-23,Completed
1233,412,2024-10-12,Completed
1234,189,2026-03-03,Completed
1235,374,2025-05-13,Completed
1236,157,2025-08-18,Completed
1237,253,2024-11-05,Completed
1238,389,2026-03-06,Completed
1239,437,2025-09-13,Pending
1240,193,2024-07-08,Completed
1241,472,2026-04-15,Completed
1242,70,2026-05-28,Pending
1243,405,2026-05-31,Completed
1244,177,2026-06-18,Completed
1245,175,2025-07-01,Completed
1246,191,2026-06-11,Cancelled
1247,183,2024-09-26,Completed
1248,467,2026-06-07,Completed
1249,488,2025-02-06,Completed
1250,20,2025-01-12,Completed
1251,204,2025-02-03,Completed
1252,224,2024-09-16,Cancelled
1253,334,2024-10-16,Completed
1254,345,2024-11-22,Pending
1255,322,2026-03-30,Pending
1256,229,2024-08-05,Completed
1257,401,2024-10-28,Completed
1258,165,2025-06-03,Pending
1259,472,2025-10-06,Completed
1260,210,2025-11-05,Completed
1261,431,2025-10-30,Completed
1262,138,2025-07-11,Completed
1263,314,2025-08-19,Completed
1264,328,2024-11-26,Pending
1265,446,2026-03-04,Completed
1266,136,2025-12-27,Completed
1267,244,2025-01-07,Completed
1268,192,2025-11-14,Completed
1269,492,2026-04-01,Completed
1270,273,2025-07-12,Cancelled
1271,249,2026-05-02,Pending
1272,58,2025-04-29,Completed
1273,453,2025-08-07,Completed
1274,248,2025-02-13,Completed
1275,365,2025-05-23,Completed
1276,112,2025-09-25,Cancelled
1277,368,2024-10-20,Cancelled
1278,205,2024-10-12,Completed
1279,474,2024-07-16,Completed
1280,104,2024-06-27,Completed
1281,93,2025-01-14,Completed
1282,52,2025-03-25,Completed
1283,462,2025-10-31,Completed
1284,14,2025-01-28,Completed
1285,126,2024-11-29,Cancelled
1286,94,2026-05-29,Completed
1287,115,2025-05-02,Completed
1288,356,2024-11-30,Completed
1289,384,2024-10-10,Completed
1290,411,2025-05-24,Completed
1291,66,2025-11-09,Completed
1292,341,2025-02-17,Completed
1293,229,2024-07-06,Completed
1294,247,2025-01-12,Completed
1295,356,2024-09-08,Completed
1296,442,2025-09-30,Completed
1297,46,2025-11-26,Completed
1298,428,2026-05-31,Completed
1299,495,2025-01-11,Completed
1300,451,2025-07-16,Completed
1301,263,2026-01-18,Completed
1302,327,2025-11-30,Completed
1303,114,2025-10-13,Completed
1304,311,2026-02-19,Completed
1305,45,2025-09-01,Completed
1306,278,2025-07-08,Completed
1307,187,2025-06-16,Completed
1308,375,2026-03-09,Completed
1309,250,2025-02-11,Completed
1310,399,2025-07-13,Completed
1311,230,2025-07-19,Pending
1312,402,2025-10-06,Completed
1313,476,2025-06-28,Completed
1314,236,2026-06-20,Completed
1315,122,2025-10-11,Cancelled
1316,39,2025-01-28,Pending
1317,331,2025-08-11,Cancelled
1318,267,2026-02-05,Completed
1319,240,2025-09-23,Completed
1320,491,2025-09-25,Completed
1321,479,2025-11-10,Completed
1322,236,2026-02-12,Completed
1323,429,2024-12-21,Completed
1324,261,2026-01-10,Completed
1325,353,2024-12-02,Completed
1326,28,2024-10-07,Completed
1327,254,2024-10-14,Pending
1328,380,2025-12-07,Completed
1329,140,2024-11-04,Completed
1330,125,2025-03-03,Completed
1331,342,2024-07-10,Completed
1332,65,2025-02-14,Completed
1333,122,2025-09-20,Completed
1334,37,2025-07-01,Completed
1335,479,2024-12-16,Completed
1336,46,2026-03-18,Completed
1337,447,2025-11-16,Cancelled
1338,235,2025-01-20,Pending
1339,11,2025-06-16,Completed
1340,61,2024-12-18,Completed
1341,382,2025-01-13,Completed
1342,213,2026-04-03,Completed
1343,434,2024-09-26,Completed
1344,386,2024-08-19,Completed
1345,303,2025-06-25,Completed
1346,180,2025-11-18,Completed
1347,66,2025-06-24,Completed
1348,24,2025-07-16,Completed
1349,55,2025-10-06,Completed
1350,354,2025-06-12,Completed
1351,473,2024-06-28,Completed
1352,310,2025-04-30,Completed
1353,372,2024-09-11,Completed
1354,122,2025-03-31,Completed
1355,30,2024-06-28,Completed
1356,368,2025-05-15,Completed
1357,126,2025-03-14,Pending
1358,40,2024-09-25,Cancelled
1359,16,2025-02-18,Completed
1360,371,2026-06-16,Completed
1361,129,2024-12-08,Pending
1362,432,2025-12-26,Pending
1363,203,2026-04-17,Completed
1364,433,2024-11-28,Pending
1365,489,2025-06-24,Completed
1366,136,2024-07-05,Pending
1367,276,2026-03-12,Completed
1368,73,2024-09-17,Completed
1369,217,2025-12-04,Completed
1370,238,2025-01-02,Completed
1371,161,2025-09-24,Completed
1372,278,2025-09-07,Cancelled
1373,409,2025-06-27,Completed
1374,3,2025-07-09,Completed
1375,110,2024-08-21,Completed
1376,95,2025-09-18,Completed
1377,1,2026-02-12,Completed
1378,29,2026-06-16,Cancelled
1379,458,2024-07-22,Pending
1380,352,2025-08-09,Completed
1381,18,2024-12-29,Completed
1382,221,2024-08-29,Completed
1383,111,2025-05-15,Completed
1384,33,2024-06-28,Completed
1385,299,2025-08-24,Completed
1386,398,2025-01-30,Cancelled
1387,163,2026-03-06,Completed
1388,309,2025-08-02,Cancelled
1389,315,2024-12-13,Completed
1390,456,2025-06-25,Pending
1391,497,2025-01-23,Completed
1392,70,2026-03-17,Completed
1393,287,2025-01-12,Pending
1394,344,2025-12-31,Completed
1395,56,2025-01-25,Completed
1396,299,2025-08-13,Completed
1397,363,2025-11-26,Completed
1398,90,2025-08-05,Pending
1399,464,2025-07-03,Completed
1400,272,2025-02-11,Completed
1401,325,2024-12-28,Completed
1402,359,2024-11-04,Completed
1403,147,2025-06-15,Pending
1404,225,2024-07-15,Completed
1405,337,2025-12-18,Completed
1406,28,2024-12-13,Completed
1407,282,2025-05-19,Pending
1408,453,2025-11-04,Completed
1409,162,2024-07-01,Completed
1410,472,2025-08-27,Completed
1411,486,2024-09-18,Pending
1412,452,2026-02-18,Completed
1413,486,2025-08-05,Completed
1414,433,2024-07-07,Pending
1415,290,2025-06-09,Completed
1416,388,2026-02-10,Cancelled
1417,354,2025-05-16,Completed
1418,189,2025-03-09,Pending
1419,479,2025-05-25,Completed
1420,411,2025-05-06,Completed
1421,162,2025-07-28,Completed
1422,358,2024-08-28,Completed
1423,156,2024-09-13,Completed
1424,166,2025-11-17,Pending
1425,128,2025-07-23,Cancelled
1426,186,2025-08-07,Pending
1427,460,2024-12-24,Completed
1428,324,2024-07-03,Pending
1429,312,2025-12-30,Completed
1430,182,2026-01-20,Completed
1431,269,2024-09-20,Completed
1432,108,2025-02-20,Completed
1433,270,2024-08-13,Completed
1434,172,2026-03-27,Completed
1435,105,2026-03-16,Pending
1436,121,2024-10-05,Completed
1437,353,2024-12-05,Completed
1438,154,2024-08-26,Completed
1439,450,2026-05-31,Completed
1440,468,2025-01-31,Pending
1441,319,2026-06-23,Completed
1442,416,2024-08-02,Completed
1443,246,2026-01-05,Completed
1444,156,2025-11-16,Completed
1445,228,2024-12-05,Completed
1446,37,2025-02-09,Pending
1447,214,2024-11-04,Pending
1448,207,2026-05-24,Completed
1449,398,2024-10-29,Completed
1450,269,2025-01-26,Completed
1451,214,2024-09-25,Completed
1452,393,2025-01-14,Completed
1453,422,2024-08-10,Completed
1454,401,2024-12-28,Completed
1455,261,2025-04-21,Completed
1456,384,2024-11-07,Completed
1457,479,2024-07-01,Completed
1458,318,2024-09-08,Completed
1459,20,2025-10-04,Completed
1460,81,2025-05-30,Completed
1461,213,2025-10-21,Completed
1462,152,2024-09-30,Cancelled
1463,52,2025-12-26,Completed
1464,281,2024-08-22,Completed
1465,228,2025-01-26,Completed
1466,253,2024-12-21,Cancelled
1467,37,2024-11-20,Completed
1468,341,2025-06-19,Completed
1469,363,2025-08-09,Completed
1470,210,2024-12-10,Pending
1471,184,2024-12-25,Completed
1472,303,2025-06-19,Completed
1473,246,2026-01-24,Cancelled
1474,405,2026-05-04,Cancelled
1475,399,2026-06-21,Completed
1476,475,2025-04-01,Completed
1477,169,2024-07-23,Completed
1478,207,2026-01-14,Completed
1479,351,2026-06-24,Completed
1480,222,2025-03-18,Completed
1481,163,2025-06-01,Completed
1482,183,2025-02-07,Completed
1483,422,2025-07-31,Completed
1484,385,2025-03-06,Completed
1485,118,2025-11-16,Completed
1486,146,2024-06-27,Completed
1487,259,2024-06-30,Completed
1488,257,2025-03-14,Completed
1489,43,2024-11-04,Completed
1490,32,2025-10-19,Completed
1491,106,2025-01-24,Completed
1492,316,2025-03-06,Pending
1493,390,2026-05-20,Completed
1494,196,2026-03-07,Completed
1495,498,2024-08-21,Completed
1496,389,2025-11-21,Completed
1497,497,2025-11-06,Completed
1498,348,2026-05-27,Cancelled
1499,432,2024-09-20,Completed
1500,253,2025-04-10,Cancelled
1501,66,2025-05-30,Completed
1502,135,2026-01-23,Completed
1503,469,2024-07-05,Completed
1504,339,2025-12-21,Pending
1505,447,2026-06-18,Completed
1506,133,2025-09-10,Completed
1507,251,2024-09-24,Completed
1508,204,2026-03-22,Completed
1509,84,2026-03-20,Completed
1510,367,2025-01-28,Completed
1511,122,2025-07-20,Completed
1512,400,2024-10-08,Completed
1513,55,2024-10-16,Completed
1514,174,2026-03-03,Completed
1515,389,2026-06-04,Pending
1516,334,2024-10-10,Completed
1517,492,2025-01-30,Completed
1518,328,2025-05-19,Completed
1519,240,2025-05-04,Cancelled
1520,240,2025-10-15,Completed
1521,375,2024-09-18,Completed
1522,6,2025-01-15,Completed
1523,294,2024-07-12,Completed
1524,163,2026-04-24,Completed
1525,372,2024-07-13,Completed
1526,370,2024-07-27,Completed
1527,68,2024-07-15,Completed
1528,181,2025-03-04,Completed
1529,175,2024-12-26,Completed
1530,220,2025-03-29,Completed
1531,81,2025-08-13,Completed
1532,283,2024-07-10,Completed
1533,22,2024-09-04,Completed
1534,162,2024-08-07,Pending
1535,71,2024-08-26,Completed
1536,89,2026-05-20,Completed
1537,90,2026-05-21,Cancelled
1538,391,2025-08-07,Cancelled
1539,359,2024-06-27,Completed
1540,367,2025-10-11,Completed
1541,471,2025-06-02,Pending
1542,310,2026-04-29,Completed
1543,348,2025-10-14,Completed
1544,95,2025-07-22,Completed
1545,476,2026-03-22,Completed
1546,75,2026-01-28,Completed
1547,309,2025-10-22,Cancelled
1548,421,2026-05-28,Completed
1549,257,2024-10-27,Completed
1550,4,2026-03-24,Cancelled
1551,89,2025-05-03,Completed
1552,197,2026-05-14,Cancelled
1553,483,2025-09-21,Completed
1554,459,2025-08-12,Completed
1555,353,2025-01-27,Completed
1556,166,2026-05-24,Cancelled
1557,311,2025-01-24,Completed
1558,393,2026-03-24,Pending
1559,96,2026-06-22,Completed
1560,8,2025-03-22,Completed
1561,132,2025-02-27,Cancelled
1562,164,2025-01-24,Completed
1563,21,2025-06-17,Completed
1564,130,2025-06-04,Completed
1565,350,2025-03-26,Cancelled
1566,249,2025-10-26,Pending
1567,34,2025-01-27,Completed
1568,492,2025-10-14,Completed
1569,463,2024-09-10,Completed
1570,388,2025-08-22,Completed
1571,217,2025-06-11,Completed
1572,174,2025-08-17,Completed
1573,421,2026-04-08,Completed
1574,118,2025-02-10,Completed
1575,466,2025-10-12,Completed
1576,205,2024-08-29,Completed
1577,404,2025-02-19,Completed
1578,385,2025-10-30,Completed
1579,438,2026-02-12,Completed
1580,311,2026-03-04,Completed
1581,481,2025-03-04,Completed
1582,91,2025-03-09,Cancelled
1583,48,2024-09-13,Completed
1584,462,2024-09-23,Completed
1585,292,2026-01-30,Completed
1586,126,2025-02-25,Completed
1587,489,2025-02-14,Completed
1588,387,2025-08-25,Completed
1589,38,2024-08-20,Completed
1590,231,2025-09-07,Completed
1591,25,2026-04-18,Completed
1592,471,2026-05-20,Cancelled
1593,398,2025-05-10,Completed
1594,356,2026-04-28,Cancelled
1595,186,2025-06-23,Completed
1596,441,2024-11-16,Completed
1597,336,2025-08-22,Completed
1598,343,2025-10-08,Completed
1599,126,2025-09-14,Completed
1600,366,2025-02-19,Completed
1601,8,2025-03-02,Completed
1602,274,2026-02-11,Completed
1603,330,2025-02-22,Completed
1604,58,2025-01-02,Completed
1605,260,2026-02-02,Cancelled
1606,298,2026-05-20,Pending
1607,2,2025-08-30,Completed
1608,232,2025-03-04,Completed
1609,195,2024-12-01,Completed
1610,365,2026-04-05,Completed
1611,480,2024-08-17,Completed
1612,238,2025-05-26,Completed
1613,311,2024-10-28,Completed
1614,361,2025-09-30,Completed
1615,293,2025-08-08,Completed
1616,498,2025-05-19,Pending
1617,74,2024-07-05,Completed
1618,262,2026-03-12,Completed
1619,394,2025-07-10,Completed
1620,102,2026-04-09,Completed
1621,239,2026-06-02,Completed
1622,131,2025-12-01,Pending
1623,313,2025-09-07,Completed
1624,346,2025-03-09,Completed
1625,376,2025-05-29,Completed
1626,472,2025-03-02,Completed
1627,344,2025-04-07,Completed
1628,465,2024-11-23,Completed
1629,390,2024-09-30,Completed
1630,54,2026-04-24,Completed
1631,263,2025-02-04,Completed
1632,329,2025-03-31,Cancelled
1633,487,2025-01-18,Completed
1634,34,2024-07-11,Completed
1635,292,2024-11-14,Cancelled
1636,498,2026-01-25,Pending
1637,432,2024-10-22,Pending
1638,122,2025-09-15,Completed
1639,280,2024-12-08,Completed
1640,20,2025-01-19,Completed
1641,206,2026-03-13,Cancelled
1642,254,2025-05-12,Completed
1643,476,2025-05-23,Completed
1644,190,2024-08-16,Cancelled
1645,380,2024-07-01,Completed
1646,45,2026-02-01,Completed
1647,271,2024-09-03,Completed
1648,170,2025-02-14,Completed
1649,465,2024-09-20,Completed
1650,57,2026-02-08,Cancelled
1651,461,2025-04-27,Completed
1652,125,2026-06-20,Completed
1653,120,2025-04-14,Completed
1654,334,2025-02-14,Pending
1655,318,2024-11-05,Pending
1656,97,2025-10-15,Cancelled
1657,2,2024-10-06,Completed
1658,200,2025-05-28,Completed
1659,201,2026-06-19,Completed
1660,200,2024-08-25,Completed
1661,416,2025-03-12,Completed
1662,294,2024-07-28,Cancelled
1663,424,2025-11-10,Completed
1664,419,2024-07-09,Completed
1665,77,2025-09-06,Completed
1666,89,2024-07-22,Completed
1667,260,2024-09-14,Completed
1668,14,2025-11-13,Pending
1669,468,2026-02-16,Completed
1670,158,2024-08-14,Completed
1671,346,2026-02-20,Completed
1672,399,2025-07-06,Completed
1673,156,2025-12-23,Completed
1674,105,2026-02-15,Completed
1675,123,2025-12-30,Completed
1676,256,2026-04-18,Completed
1677,226,2024-09-19,Completed
1678,482,2024-08-17,Completed
1679,6,2026-03-04,Pending
1680,252,2026-05-14,Completed
1681,48,2025-07-08,Completed
1682,35,2025-05-01,Completed
1683,401,2025-05-24,Completed
1684,117,2026-01-10,Completed
1685,468,2026-01-07,Completed
1686,143,2024-07-19,Completed
1687,41,2024-08-25,Completed
1688,476,2025-12-31,Completed
1689,418,2025-03-18,Completed
1690,498,2025-09-28,Completed
1691,104,2025-09-01,Completed
1692,13,2024-09-28,Completed
1693,290,2026-03-02,Completed
1694,90,2025-06-04,Completed
1695,270,2024-10-30,Cancelled
1696,24,2026-01-11,Completed
1697,140,2026-02-04,Completed
1698,317,2024-12-19,Completed
1699,496,2025-06-11,Completed
1700,72,2024-11-27,Completed
1701,324,2024-07-29,Completed
1702,221,2024-08-22,Completed
1703,370,2026-04-20,Cancelled
1704,104,2025-06-16,Completed
1705,334,2025-03-31,Pending
1706,168,2026-06-21,Completed
1707,142,2026-03-11,Completed
1708,12,2024-10-26,Completed
1709,46,2026-05-25,Pending
1710,337,2026-06-08,Completed
1711,339,2025-01-12,Cancelled
1712,239,2026-02-23,Completed
1713,373,2024-12-01,Completed
1714,469,2025-11-13,Pending
1715,406,2024-08-10,Completed
1716,208,2024-12-29,Completed
1717,432,2025-11-24,Completed
1718,71,2026-05-16,Completed
1719,183,2025-12-19,Completed
1720,312,2026-02-05,Completed
1721,168,2025-04-16,Completed
1722,451,2025-11-16,Completed
1723,46,2024-08-08,Completed
1724,19,2025-10-20,Cancelled
1725,1,2024-10-22,Completed
1726,273,2026-02-22,Completed
1727,34,2025-09-28,Completed
1728,139,2025-12-07,Pending
1729,379,2024-08-17,Completed
1730,270,2024-09-09,Completed
1731,173,2025-11-19,Completed
1732,226,2024-07-07,Completed
1733,272,2025-06-24,Completed
1734,7,2025-10-09,Completed
1735,103,2025-07-12,Completed
1736,23,2024-06-30,Completed
1737,27,2024-10-08,Pending
1738,369,2025-05-29,Cancelled
1739,383,2025-07-31,Completed
1740,408,2026-01-09,Completed
1741,249,2026-03-19,Completed
1742,322,2026-02-22,Completed
1743,12,2025-03-15,Pending
1744,115,2025-02-24,Completed
1745,403,2026-01-15,Completed
1746,318,2025-07-05,Completed
1747,228,2026-03-18,Cancelled
1748,422,2025-12-19,Completed
1749,140,2024-12-10,Pending
1750,235,2026-01-25,Completed
1751,54,2024-12-27,Completed
1752,269,2025-02-17,Completed
1753,82,2026-06-17,Cancelled
1754,115,2024-12-12,Completed
1755,322,2025-06-18,Completed
1756,445,2026-01-20,Completed
1757,199,2025-08-02,Completed
1758,88,2025-10-18,Completed
1759,277,2024-07-30,Cancelled
1760,388,2024-08-07,Completed
1761,430,2026-06-16,Completed
1762,232,2025-11-08,Completed
1763,459,2025-08-05,Completed
1764,7,2026-04-09,Completed
1765,422,2024-07-11,Pending
1766,499,2025-06-03,Completed
1767,45,2026-02-04,Pending
1768,47,2025-01-23,Completed
1769,39,2025-01-25,Pending
1770,387,2025-01-07,Completed
1771,428,2025-12-26,Completed
1772,498,2025-11-04,Completed
1773,31,2025-12-30,Completed
1774,87,2026-05-23,Completed
1775,406,2024-10-12,Completed
1776,171,2026-01-24,Pending
1777,69,2025-05-12,Completed
1778,238,2026-05-03,Completed
1779,125,2024-07-03,Completed
1780,412,2026-01-05,Completed
1781,350,2025-07-10,Completed
1782,102,2025-10-05,Completed
1783,474,2024-11-16,Completed
1784,273,2026-06-07,Completed
1785,156,2025-06-20,Completed
1786,418,2025-09-05,Completed
1787,260,2025-11-11,Cancelled
1788,59,2025-01-20,Completed
1789,19,2026-05-12,Completed
1790,196,2025-06-09,Completed
1791,124,2025-03-31,Completed
1792,173,2026-02-20,Pending
1793,83,2025-12-07,Completed
1794,173,2025-03-19,Completed
1795,102,2025-04-09,Completed
1796,1,2024-09-02,Pending
1797,256,2024-09-07,Completed
1798,172,2024-07-17,Completed
1799,494,2026-02-14,Completed
1800,294,2025-04-14,Completed
1801,234,2024-09-18,Pending
1802,375,2024-11-07,Completed
1803,310,2025-06-07,Completed
1804,462,2025-01-07,Completed
1805,111,2024-12-08,Completed
1806,497,2026-05-27,Completed
1807,13,2024-11-26,Completed
1808,331,2025-11-17,Cancelled
1809,437,2024-09-23,Completed
1810,167,2024-12-16,Cancelled
1811,24,2025-02-13,Completed
1812,477,2025-05-23,Completed
1813,50,2026-01-21,Completed
1814,42,2024-08-21,Cancelled
1815,285,2025-05-13,Completed
1816,40,2025-01-06,Completed
1817,398,2025-07-10,Completed
1818,427,2024-08-16,Pending
1819,180,2025-02-16,Completed
1820,84,2025-08-13,Completed
1821,298,2025-08-26,Completed
1822,233,2025-11-17,Completed
1823,272,2025-10-30,Completed
1824,237,2026-06-15,Cancelled
1825,128,2026-01-02,Completed
1826,491,2025-11-25,Completed
1827,11,2025-07-03,Completed
1828,415,2024-12-23,Completed
1829,490,2026-05-06,Pending
1830,53,2024-08-13,Completed
1831,209,2025-07-01,Completed
1832,332,2025-08-21,Cancelled
1833,442,2024-07-16,Completed
1834,21,2024-09-28,Completed
1835,255,2025-10-13,Pending
1836,270,2024-10-21,Cancelled
1837,351,2026-05-19,Pending
1838,461,2025-05-09,Completed
1839,254,2026-03-23,Completed
1840,343,2025-03-29,Completed
1841,132,2025-08-14,Completed
1842,341,2025-11-04,Cancelled
1843,24,2024-10-29,Pending
1844,442,2026-06-08,Completed
1845,64,2026-01-12,Completed
1846,283,2025-08-22,Completed
1847,233,2026-02-25,Completed
1848,133,2025-04-15,Completed
1849,499,2024-10-12,Completed
1850,101,2025-12-23,Completed
1851,104,2025-01-14,Completed
1852,65,2024-06-25,Completed
1853,114,2025-03-18,Completed
1854,236,2026-01-24,Completed
1855,202,2024-10-19,Completed
1856,233,2025-11-25,Completed
1857,106,2025-01-29,Cancelled
1858,204,2025-11-13,Completed
1859,332,2024-09-23,Completed
1860,491,2025-07-07,Completed
1861,445,2026-05-10,Cancelled
1862,179,2025-05-29,Completed
1863,392,2024-08-30,Cancelled
1864,28,2025-06-14,Cancelled
1865,263,2026-04-28,Completed
1866,24,2026-02-07,Completed
1867,31,2025-08-18,Completed
1868,396,2025-12-17,Completed
1869,106,2026-03-09,Completed
1870,466,2025-02-12,Completed
1871,295,2026-03-07,Completed
1872,75,2024-07-14,Completed
1873,414,2024-12-08,Pending
1874,196,2025-10-15,Completed
1875,304,2025-08-18,Completed
1876,314,2025-06-08,Pending
1877,415,2025-03-21,Completed
1878,471,2026-03-12,Completed
1879,313,2025-06-02,Completed
1880,483,2026-03-13,Completed
1881,220,2024-08-18,Completed
1882,172,2026-04-28,Cancelled
1883,314,2025-09-18,Completed
1884,409,2024-07-18,Completed
1885,409,2025-01-11,Completed
1886,337,2025-04-16,Completed
1887,12,2024-10-30,Completed
1888,338,2025-04-07,Completed
1889,257,2024-08-15,Completed
1890,180,2025-06-11,Cancelled
1891,455,2025-12-25,Completed
1892,291,2025-08-02,Pending
1893,166,2025-04-23,Completed
1894,403,2025-06-26,Completed
1895,332,2026-05-12,Completed
1896,102,2025-02-05,Completed
1897,236,2024-11-05,Completed
1898,126,2026-06-05,Completed
1899,234,2025-01-21,Completed
1900,244,2025-12-17,Pending
1901,269,2025-03-20,Cancelled
1902,461,2026-01-02,Completed
1903,423,2024-07-06,Pending
1904,122,2026-04-23,Completed
1905,212,2025-01-01,Completed
1906,453,2024-09-03,Completed
1907,135,2025-09-12,Completed
1908,6,2025-07-14,Pending
1909,494,2024-06-28,Completed
1910,173,2026-05-28,Completed
1911,51,2024-07-07,Pending
1912,91,2025-01-13,Cancelled
1913,189,2024-08-07,Completed
1914,447,2025-06-23,Completed
1915,472,2025-04-16,Completed
1916,452,2026-03-11,Completed
1917,285,2024-07-30,Completed
1918,461,2024-07-30,Completed
1919,64,2026-03-28,Completed
1920,17,2025-03-22,Completed
1921,6,2025-11-24,Completed
1922,17,2024-11-03,Completed
1923,326,2026-05-15,Pending
1924,74,2026-04-21,Pending
1925,70,2026-05-27,Completed
1926,364,2025-07-02,Completed
1927,8,2026-05-21,Completed
1928,452,2025-08-01,Completed
1929,172,2025-03-18,Completed
1930,12,2024-10-11,Pending
1931,414,2024-10-21,Completed
1932,63,2025-05-10,Pending
1933,304,2025-06-02,Pending
1934,55,2025-11-26,Completed
1935,85,2025-11-23,Cancelled
1936,172,2024-07-22,Cancelled
1937,144,2024-12-12,Completed
1938,24,2026-04-12,Completed
1939,106,2024-12-25,Completed
1940,436,2024-08-26,Completed
1941,335,2025-05-06,Completed
1942,299,2025-10-08,Completed
1943,384,2025-06-01,Completed
1944,299,2024-09-09,Completed
1945,286,2026-06-25,Completed
1946,370,2024-11-13,Cancelled
1947,307,2025-03-12,Completed
1948,272,2026-03-02,Completed
1949,491,2026-04-25,Cancelled
1950,57,2025-05-29,Cancelled
1951,273,2026-01-16,Completed
1952,500,2025-09-21,Completed
1953,187,2025-12-10,Completed
1954,166,2025-06-11,Completed
1955,54,2024-11-24,Completed
1956,483,2025-11-21,Completed
1957,186,2024-10-09,Completed
1958,25,2026-01-20,Completed
1959,331,2024-09-28,Completed
1960,243,2025-06-08,Completed
1961,204,2026-03-15,Completed
1962,417,2025-07-18,Completed
1963,90,2025-12-08,Completed
1964,49,2026-02-11,Completed
1965,260,2024-10-05,Completed
1966,225,2024-09-09,Completed
1967,160,2026-02-17,Completed
1968,144,2025-03-04,Pending
1969,490,2025-05-17,Pending
1970,143,2026-05-04,Completed
1971,436,2025-06-29,Completed
1972,471,2025-10-16,Pending
1973,323,2025-10-05,Completed
1974,64,2025-10-02,Completed
1975,450,2025-10-25,Pending
1976,193,2026-03-19,Completed
1977,398,2025-11-06,Completed
1978,87,2025-09-11,Completed
1979,453,2025-08-20,Completed
1980,480,2025-05-21,Pending
1981,94,2025-03-24,Completed
1982,387,2025-03-30,Completed
1983,424,2025-03-17,Cancelled
1984,244,2025-09-02,Completed
1985,191,2026-05-08,Completed
1986,26,2025-07-01,Completed
1987,149,2025-07-20,Completed
1988,385,2025-06-29,Completed
1989,89,2026-05-09,Completed
1990,319,2025-06-20,Completed
1991,388,2025-08-05,Completed
1992,316,2025-08-24,Pending
1993,414,2025-08-11,Completed
1994,498,2024-12-19,Completed
1995,67,2026-02-11,Pending
1996,151,2026-02-01,Completed
1997,379,2026-05-03,Completed
1998,305,2024-11-29,Completed
1999,378,2025-12-02,Completed
2000,351,2025-08-25,Completed
2001,421,2026-02-13,Cancelled
2002,406,2025-06-09,Completed
2003,340,2025-08-27,Completed
2004,154,2025-08-24,Completed
2005,329,2024-12-18,Completed
2006,364,2026-02-01,Completed
2007,132,2026-02-16,Completed
2008,132,2024-08-14,Completed
2009,332,2024-10-31,Completed
2010,285,2024-08-16,Completed
2011,44,2024-09-29,Cancelled
2012,393,2025-06-24,Completed
2013,409,2025-09-30,Completed
2014,379,2025-05-22,Completed
2015,157,2026-01-11,Completed
2016,328,2025-06-30,Completed
2017,430,2026-01-31,Completed
2018,74,2025-01-18,Completed
2019,295,2024-07-20,Completed
2020,36,2024-10-24,Completed
2021,225,2024-12-05,Pending
2022,151,2025-03-29,Completed
2023,459,2025-01-21,Completed
2024,223,2026-01-31,Completed
2025,310,2024-12-07,Completed
2026,314,2026-01-04,Completed
2027,324,2026-01-13,Completed
2028,217,2025-07-30,Completed
2029,452,2024-07-04,Completed
2030,287,2026-02-06,Completed
2031,421,2024-11-07,Completed
2032,160,2024-09-19,Completed
2033,338,2025-06-14,Completed
2034,451,2026-03-06,Cancelled
2035,222,2026-02-10,Completed
2036,235,2026-01-22,Completed
2037,487,2025-06-26,Completed
2038,219,2024-08-12,Completed
2039,298,2025-08-26,Completed
2040,219,2026-05-10,Completed
2041,172,2025-02-05,Completed
2042,281,2025-06-29,Pending
2043,71,2026-03-17,Completed
2044,295,2026-03-23,Completed
2045,71,2025-04-08,Completed
2046,122,2024-12-09,Cancelled
2047,1,2024-06-27,Completed
2048,88,2025-07-13,Completed
2049,275,2025-07-06,Completed
2050,455,2025-08-19,Completed
2051,347,2024-11-05,Completed
2052,263,2025-12-29,Completed
2053,300,2024-09-05,Completed
2054,327,2025-12-11,Completed
2055,454,2025-07-23,Completed
2056,13,2026-01-03,Completed
2057,200,2026-06-15,Completed
2058,415,2026-06-17,Completed
2059,82,2024-07-31,Completed
2060,276,2025-09-18,Completed
2061,334,2024-12-14,Completed
2062,82,2024-08-06,Completed
2063,173,2025-03-15,Completed
2064,103,2026-01-31,Completed
2065,86,2025-02-26,Completed
2066,449,2024-11-25,Completed
2067,428,2024-10-04,Completed
2068,240,2026-05-29,Completed
2069,134,2024-07-08,Cancelled
2070,482,2026-04-13,Completed
2071,412,2025-03-22,Completed
2072,131,2026-02-25,Completed
2073,225,2024-11-26,Completed
2074,223,2024-07-09,Completed
2075,155,2025-11-17,Cancelled
2076,399,2024-08-10,Completed
2077,252,2025-04-21,Completed
2078,337,2024-11-28,Completed
2079,460,2024-10-21,Completed
2080,355,2024-08-09,Completed
2081,118,2025-10-27,Completed
2082,205,2024-08-27,Completed
2083,141,2026-03-30,Completed
2084,390,2025-05-07,Completed
2085,368,2024-10-04,Pending
2086,24,2026-05-26,Completed
2087,284,2024-09-09,Completed
2088,275,2025-05-27,Completed
2089,100,2026-05-23,Completed
2090,354,2025-09-05,Completed
2091,100,2025-10-12,Completed
2092,388,2025-04-23,Completed
2093,105,2024-08-13,Completed
2094,167,2026-04-29,Cancelled
2095,394,2025-05-17,Completed
2096,260,2025-06-29,Pending
2097,119,2025-09-19,Completed
2098,16,2025-02-06,Completed
2099,384,2024-11-14,Pending
2100,430,2026-06-10,Completed
2101,415,2024-10-27,Completed
2102,260,2025-03-02,Completed
2103,249,2025-02-14,Completed
2104,75,2026-05-05,Completed
2105,124,2026-05-05,Completed
2106,449,2026-05-29,Completed
2107,292,2026-06-20,Pending
2108,223,2024-07-25,Completed
2109,353,2025-06-15,Pending
2110,150,2026-02-04,Completed
2111,154,2026-03-19,Completed
2112,5,2025-07-13,Completed
2113,280,2026-06-17,Completed
2114,311,2026-06-15,Completed
2115,394,2025-12-05,Completed
2116,180,2024-08-05,Cancelled
2117,381,2024-10-15,Completed
2118,267,2025-12-07,Completed
2119,379,2026-04-23,Completed
2120,352,2024-12-11,Completed
2121,139,2024-12-06,Completed
2122,241,2026-04-22,Completed
2123,368,2026-02-17,Completed
2124,314,2025-03-01,Completed
2125,274,2025-09-23,Cancelled
2126,118,2026-05-29,Completed
2127,315,2025-08-20,Completed
2128,372,2025-07-29,Completed
2129,126,2026-04-18,Completed
2130,16,2025-09-21,Completed
2131,437,2025-05-02,Completed
2132,17,2025-10-27,Completed
2133,444,2024-09-20,Completed
2134,8,2026-02-27,Completed
2135,144,2026-02-04,Completed
2136,347,2025-05-27,Completed
2137,266,2025-05-12,Completed
2138,9,2026-05-07,Completed
2139,17,2025-10-22,Pending
2140,135,2025-08-20,Completed
2141,364,2024-12-10,Completed
2142,393,2025-08-22,Completed
2143,235,2026-06-21,Completed
2144,297,2024-12-02,Cancelled
2145,443,2025-03-20,Cancelled
2146,18,2025-11-02,Pending
2147,408,2024-11-22,Cancelled
2148,429,2025-10-24,Completed
2149,61,2025-12-12,Completed
2150,279,2024-09-16,Pending
2151,472,2026-05-28,Completed
2152,79,2025-02-17,Cancelled
2153,455,2026-02-17,Completed
2154,358,2025-12-15,Completed
2155,233,2025-02-19,Completed
2156,367,2025-12-29,Completed
2157,188,2026-03-06,Completed
2158,271,2026-01-11,Completed
2159,385,2025-02-23,Completed
2160,192,2025-04-09,Completed
2161,153,2025-04-22,Completed
2162,236,2025-11-03,Cancelled
2163,5,2026-05-15,Completed
2164,332,2025-02-09,Completed
2165,482,2024-07-18,Completed
2166,447,2024-09-11,Completed
2167,8,2026-02-14,Completed
2168,89,2025-09-17,Completed
2169,260,2026-05-03,Completed
2170,24,2025-02-20,Completed
2171,274,2025-09-12,Completed
2172,407,2026-01-09,Cancelled
2173,162,2024-09-16,Completed
2174,41,2025-04-30,Completed
2175,216,2025-12-05,Completed
2176,174,2025-04-16,Completed
2177,222,2024-12-28,Completed
2178,103,2024-09-26,Completed
2179,497,2024-10-14,Completed
2180,270,2026-02-02,Pending
2181,197,2024-06-29,Cancelled
2182,479,2025-03-25,Completed
2183,367,2026-01-07,Pending
2184,361,2024-08-04,Completed
2185,404,2024-12-22,Completed
2186,50,2025-05-10,Completed
2187,190,2026-02-25,Completed
2188,74,2025-01-10,Cancelled
2189,486,2026-05-14,Completed
2190,463,2025-11-20,Completed
2191,153,2026-06-20,Completed
2192,19,2024-10-18,Completed
2193,55,2025-02-26,Completed
2194,100,2026-03-31,Pending
2195,304,2024-11-25,Cancelled
2196,365,2024-12-22,Completed
2197,181,2026-01-18,Completed
2198,171,2025-07-16,Completed
2199,209,2024-11-04,Completed
2200,161,2025-05-19,Completed
2201,473,2024-07-31,Completed
2202,72,2025-02-01,Completed
2203,6,2024-08-28,Cancelled
2204,58,2026-04-04,Completed
2205,295,2026-03-24,Completed
2206,214,2025-03-24,Completed
2207,288,2026-01-25,Completed
2208,444,2024-11-18,Cancelled
2209,425,2025-11-22,Completed
2210,396,2025-03-25,Completed
2211,437,2026-05-08,Completed
2212,186,2025-12-20,Pending
2213,473,2025-08-29,Cancelled
2214,311,2025-12-21,Cancelled
2215,28,2025-07-16,Completed
2216,278,2026-01-27,Completed
2217,88,2025-04-21,Completed
2218,216,2025-05-08,Completed
2219,103,2024-08-12,Completed
2220,92,2025-07-09,Completed
2221,267,2025-07-23,Completed
2222,159,2025-07-03,Pending
2223,277,2025-09-23,Completed
2224,230,2026-01-05,Completed
2225,371,2025-12-30,Completed
2226,408,2025-11-10,Completed
2227,324,2024-08-27,Completed
2228,136,2026-04-11,Completed
2229,90,2025-02-13,Completed
2230,469,2025-09-07,Completed
2231,30,2024-09-05,Completed
2232,65,2025-05-23,Completed
2233,422,2025-03-29,Completed
2234,228,2025-06-22,Completed
2235,28,2025-03-23,Pending
2236,157,2024-10-23,Completed
2237,488,2026-04-19,Completed
2238,273,2024-07-27,Completed
2239,44,2026-03-09,Completed
2240,74,2025-05-19,Completed
2241,79,2024-11-06,Completed
2242,347,2025-01-15,Cancelled
2243,302,2024-08-10,Completed
2244,450,2024-09-17,Pending
2245,363,2024-12-20,Completed
2246,32,2024-11-05,Completed
2247,160,2026-01-19,Completed
2248,482,2025-04-20,Pending
2249,414,2025-07-01,Completed
2250,214,2025-10-09,Completed
2251,389,2025-05-01,Completed
2252,57,2024-07-04,Completed
2253,191,2024-10-03,Cancelled
2254,258,2025-02-17,Completed
2255,63,2025-12-27,Completed
2256,126,2025-05-25,Completed
2257,106,2025-10-05,Cancelled
2258,90,2025-02-05,Pending
2259,495,2024-09-13,Completed
2260,313,2026-03-01,Cancelled
2261,103,2025-02-08,Completed
2262,55,2026-03-04,Completed
2263,30,2025-09-17,Completed
2264,239,2024-12-19,Completed
2265,329,2025-12-03,Completed
2266,45,2026-02-22,Completed
2267,15,2025-05-15,Completed
2268,319,2025-01-07,Completed
2269,124,2024-07-10,Completed
2270,321,2025-09-28,Completed
2271,204,2025-11-22,Completed
2272,266,2024-08-21,Completed
2273,262,2024-12-07,Completed
2274,38,2024-06-27,Pending
2275,130,2026-01-09,Pending
2276,363,2025-07-04,Completed
2277,415,2025-01-01,Completed
2278,204,2026-02-20,Completed
2279,317,2025-09-04,Pending
2280,419,2026-01-11,Completed
2281,348,2025-07-11,Completed
2282,310,2024-08-08,Completed
2283,418,2025-01-27,Completed
2284,381,2025-10-29,Completed
2285,369,2025-09-17,Completed
2286,41,2025-04-26,Completed
2287,3,2026-04-03,Cancelled
2288,161,2024-11-02,Completed
2289,227,2026-05-22,Completed
2290,26,2025-11-04,Completed
2291,48,2026-02-09,Completed
2292,458,2025-07-16,Pending
2293,176,2025-12-20,Completed
2294,498,2024-08-07,Completed
2295,314,2024-07-02,Completed
2296,394,2026-06-03,Cancelled
2297,224,2025-09-19,Cancelled
2298,195,2024-07-11,Completed
2299,161,2025-03-22,Completed
2300,31,2026-02-06,Completed
2301,65,2025-05-29,Completed
2302,300,2026-06-20,Completed
2303,53,2024-08-15,Pending
2304,452,2025-12-04,Pending
2305,197,2025-01-27,Cancelled
2306,84,2026-03-22,Completed
2307,334,2024-09-07,Completed
2308,162,2024-11-02,Completed
2309,461,2026-04-24,Completed
2310,298,2025-06-06,Completed
2311,230,2025-06-26,Cancelled
2312,245,2025-08-19,Completed
2313,308,2025-12-05,Cancelled
2314,423,2024-12-30,Completed
2315,279,2024-09-03,Completed
2316,169,2024-08-01,Completed
2317,361,2025-02-26,Completed
2318,425,2026-04-27,Cancelled
2319,481,2025-09-10,Completed
2320,312,2025-07-07,Completed
2321,485,2025-06-16,Completed
2322,424,2024-11-14,Cancelled
2323,482,2025-12-19,Completed
2324,286,2025-08-26,Completed
2325,96,2025-12-08,Completed
2326,34,2024-10-12,Pending
2327,17,2026-06-12,Completed
2328,117,2024-08-19,Completed
2329,238,2025-09-24,Completed
2330,449,2025-03-01,Completed
2331,78,2025-05-16,Cancelled
2332,345,2026-06-09,Completed
2333,182,2026-06-01,Cancelled
2334,132,2026-05-03,Pending
2335,472,2026-05-26,Completed
2336,253,2025-04-10,Completed
2337,375,2026-05-26,Completed
2338,75,2025-08-19,Completed
2339,257,2025-11-17,Completed
2340,466,2025-04-23,Completed
2341,315,2026-02-25,Completed
2342,181,2025-06-16,Completed
2343,214,2026-01-30,Completed
2344,38,2026-06-24,Completed
2345,326,2025-08-08,Completed
2346,375,2025-12-31,Completed
2347,165,2026-03-27,Completed
2348,352,2025-07-04,Cancelled
2349,139,2025-05-01,Pending
2350,48,2026-06-04,Completed
2351,229,2025-02-16,Pending
2352,109,2025-02-09,Completed
2353,460,2024-08-14,Completed
2354,74,2026-04-26,Completed
2355,461,2024-12-26,Pending
2356,398,2026-02-21,Completed
2357,231,2026-01-24,Pending
2358,325,2025-01-13,Cancelled
2359,484,2025-04-16,Pending
2360,360,2024-12-24,Completed
2361,434,2025-02-07,Completed
2362,499,2025-04-24,Completed
2363,217,2026-01-25,Completed
2364,380,2024-07-28,Completed
2365,104,2026-04-10,Completed
2366,57,2025-09-20,Completed
2367,375,2026-04-11,Completed
2368,129,2026-03-25,Cancelled
2369,375,2026-02-06,Completed
2370,351,2025-11-30,Completed
2371,448,2025-04-23,Completed
2372,183,2025-01-30,Completed
2373,459,2025-02-12,Completed
2374,419,2026-05-15,Completed
2375,346,2024-12-02,Completed
2376,101,2026-06-06,Completed
2377,365,2024-07-04,Cancelled
2378,475,2025-01-27,Completed
2379,463,2025-06-30,Completed
2380,274,2024-12-31,Completed
2381,6,2026-03-18,Completed
2382,51,2026-04-12,Cancelled
2383,447,2025-07-22,Completed
2384,328,2025-03-29,Completed
2385,146,2025-03-27,Completed
2386,394,2026-03-17,Completed
2387,379,2025-06-23,Pending
2388,476,2025-06-10,Completed
2389,387,2026-02-17,Cancelled
2390,425,2025-12-08,Completed
2391,268,2025-10-21,Completed
2392,466,2025-01-03,Completed
2393,214,2025-10-10,Completed
2394,410,2024-08-25,Completed
2395,457,2025-06-01,Completed
2396,206,2025-04-24,Completed
2397,141,2024-12-30,Completed
2398,428,2026-03-11,Completed
2399,446,2025-01-14,Cancelled
2400,350,2025-01-29,Completed
2401,337,2025-08-27,Completed
2402,145,2024-07-20,Completed
2403,352,2025-09-01,Completed
2404,137,2024-12-19,Cancelled
2405,168,2025-01-19,Completed
2406,121,2026-02-16,Cancelled
2407,445,2025-05-30,Completed
2408,291,2024-11-22,Completed
2409,127,2025-10-25,Completed
2410,368,2025-06-30,Completed
2411,451,2024-12-06,Completed
2412,397,2026-01-23,Completed
2413,354,2024-07-13,Cancelled
2414,7,2026-02-14,Completed
2415,57,2025-04-30,Pending
2416,375,2026-02-23,Completed
2417,421,2026-05-15,Pending
2418,493,2025-09-20,Completed
2419,454,2025-08-16,Completed
2420,287,2025-05-07,Cancelled
2421,108,2025-05-07,Cancelled
2422,220,2025-11-16,Completed
2423,35,2025-10-19,Completed
2424,28,2025-05-17,Completed
2425,417,2025-05-07,Completed
2426,439,2025-04-22,Cancelled
2427,418,2025-05-02,Completed
2428,268,2025-09-16,Completed
2429,54,2025-05-10,Cancelled
2430,221,2024-12-27,Completed
2431,45,2024-11-30,Completed
2432,178,2025-03-16,Completed
2433,412,2024-06-26,Completed
2434,268,2025-08-09,Completed
2435,230,2026-02-03,Completed
2436,116,2025-08-10,Completed
2437,215,2024-12-31,Completed
2438,255,2024-07-30,Pending
2439,22,2026-03-14,Completed
2440,270,2025-10-28,Completed
2441,363,2025-06-13,Completed
2442,307,2025-11-14,Pending
2443,182,2025-02-15,Completed
2444,50,2026-04-02,Completed
2445,87,2025-11-18,Completed
2446,231,2025-04-05,Completed
2447,355,2026-01-11,Completed
2448,19,2026-06-13,Pending
2449,46,2026-06-04,Cancelled
2450,293,2025-08-11,Completed
2451,123,2025-08-28,Completed
2452,66,2025-04-26,Completed
2453,365,2025-04-09,Completed
2454,169,2025-04-04,Completed
2455,173,2025-11-21,Completed
2456,273,2024-07-27,Completed
2457,283,2024-08-28,Completed
2458,385,2025-02-08,Completed
2459,283,2024-12-04,Cancelled
2460,258,2025-01-27,Pending
2461,51,2024-08-08,Completed
2462,178,2026-01-23,Completed
2463,350,2025-12-01,Completed
2464,124,2024-08-04,Pending
2465,26,2026-05-29,Completed
2466,176,2026-05-31,Pending
2467,170,2026-06-06,Completed
2468,125,2025-01-23,Completed
2469,254,2026-04-13,Cancelled
2470,355,2024-12-04,Cancelled
2471,227,2025-10-07,Completed
2472,299,2026-03-08,Completed
2473,55,2025-04-24,Completed
2474,279,2026-05-02,Completed
2475,134,2026-01-14,Cancelled
2476,64,2024-10-09,Completed
2477,366,2026-01-23,Cancelled
2478,196,2025-07-16,Completed
2479,2,2025-09-21,Completed
2480,323,2025-11-18,Completed
2481,446,2026-05-21,Completed
2482,186,2026-03-08,Completed
2483,66,2026-05-16,Completed
2484,196,2025-11-24,Cancelled
2485,47,2024-10-27,Completed
2486,52,2025-08-25,Pending
2487,459,2025-06-26,Completed
2488,329,2025-08-30,Completed
2489,138,2024-07-22,Completed
2490,205,2025-12-20,Completed
2491,318,2026-02-24,Completed
2492,127,2024-10-19,Completed
2493,318,2026-01-28,Cancelled
2494,5,2024-07-02,Completed
2495,34,2025-02-11,Completed
2496,497,2025-02-16,Completed
2497,401,2025-02-21,Completed
2498,46,2025-02-11,Completed
2499,147,2026-06-11,Completed
2500,390,2025-07-12,Cancelled
2501,395,2025-06-06,Completed
2502,307,2026-05-29,Completed
2503,448,2026-06-10,Completed
2504,92,2025-02-01,Completed
2505,108,2025-05-04,Completed
2506,309,2025-02-09,Completed
2507,494,2025-05-22,Completed
2508,321,2025-07-17,Completed
2509,5,2025-04-29,Completed
2510,389,2025-10-11,Completed
2511,56,2025-05-10,Completed
2512,350,2026-04-29,Completed
2513,237,2025-08-27,Completed
2514,14,2025-06-27,Completed
2515,178,2024-12-10,Cancelled
2516,199,2026-02-13,Completed
2517,489,2025-10-04,Completed
2518,220,2025-08-08,Completed
2519,370,2026-06-09,Cancelled
2520,119,2024-10-04,Completed
2521,175,2024-12-24,Completed
2522,131,2025-07-28,Completed
2523,131,2025-10-03,Completed
2524,2,2025-10-05,Completed
2525,36,2026-04-17,Completed
2526,257,2025-06-18,Completed
2527,319,2024-10-31,Cancelled
2528,489,2026-06-06,Completed
2529,218,2025-04-24,Completed
2530,36,2026-02-17,Completed
2531,318,2025-09-30,Completed
2532,310,2025-01-21,Completed
2533,40,2025-06-22,Completed
2534,18,2025-10-04,Completed
2535,355,2026-02-06,Pending
2536,442,2024-10-15,Completed
2537,114,2026-01-02,Completed
2538,370,2026-01-30,Completed
2539,76,2025-05-16,Completed
2540,102,2024-06-28,Completed
2541,267,2025-06-18,Completed
2542,266,2025-11-22,Completed
2543,135,2026-04-07,Completed
2544,232,2026-01-28,Completed
2545,114,2025-05-21,Completed
2546,436,2025-09-03,Completed
2547,458,2024-10-20,Completed
2548,161,2026-06-16,Completed
2549,386,2024-08-07,Completed
2550,202,2025-06-03,Completed
2551,425,2025-04-08,Completed
2552,218,2026-02-28,Completed
2553,149,2025-08-08,Completed
2554,140,2024-09-22,Pending
2555,213,2024-12-13,Completed
2556,258,2025-05-13,Pending
2557,79,2026-04-18,Cancelled
2558,26,2026-01-30,Completed
2559,250,2026-01-18,Completed
2560,100,2024-10-27,Completed
2561,278,2025-06-26,Completed
2562,258,2026-06-15,Completed
2563,275,2026-01-31,Completed
2564,135,2025-01-25,Cancelled
2565,129,2025-08-05,Completed
2566,112,2024-11-09,Completed
2567,9,2024-08-29,Completed
2568,413,2024-10-11,Pending
2569,201,2024-09-01,Pending
2570,76,2025-03-19,Completed
2571,150,2026-06-05,Pending
2572,61,2024-07-14,Completed
2573,410,2025-11-05,Cancelled
2574,144,2026-04-16,Cancelled
2575,6,2024-08-30,Completed
2576,19,2025-10-26,Completed
2577,466,2026-02-15,Pending
2578,134,2025-02-27,Completed
2579,500,2026-01-20,Completed
2580,405,2026-06-21,Completed
2581,93,2026-04-11,Completed
2582,3,2025-03-15,Completed
2583,343,2025-12-05,Completed
2584,320,2024-10-03,Completed
2585,354,2025-01-26,Completed
2586,495,2025-07-04,Cancelled
2587,221,2025-08-09,Completed
2588,337,2025-05-08,Completed
2589,143,2024-08-19,Completed
2590,176,2026-01-04,Completed
2591,500,2025-10-25,Completed
2592,194,2024-10-15,Completed
2593,495,2025-08-31,Completed
2594,10,2025-01-12,Completed
2595,295,2025-01-28,Completed
2596,192,2025-07-05,Completed
2597,153,2025-06-11,Completed
2598,156,2024-11-11,Completed
2599,362,2025-06-23,Completed
2600,399,2026-02-24,Cancelled
2601,57,2024-07-01,Completed
2602,229,2024-12-05,Completed
2603,71,2026-01-27,Completed
2604,462,2025-02-08,Completed
2605,139,2025-06-14,Completed
2606,71,2025-08-09,Completed
2607,119,2025-07-30,Completed
2608,344,2026-04-04,Completed
2609,226,2025-07-14,Completed
2610,368,2024-07-26,Completed
2611,432,2024-11-08,Completed
2612,77,2025-05-07,Completed
2613,318,2026-06-12,Completed
2614,146,2025-05-15,Completed
2615,252,2024-12-24,Completed
2616,78,2024-07-18,Completed
2617,353,2024-09-30,Completed
2618,388,2025-03-02,Completed
2619,471,2026-04-12,Completed
2620,431,2025-04-23,Completed
2621,39,2025-02-01,Completed
2622,28,2025-04-05,Completed
2623,266,2025-04-08,Completed
2624,367,2025-04-29,Completed
2625,475,2025-07-08,Completed
2626,9,2025-07-18,Completed
2627,477,2024-11-24,Completed
2628,93,2024-11-23,Completed
2629,40,2024-09-02,Pending
2630,464,2026-03-30,Completed
2631,253,2026-05-21,Completed
2632,474,2025-01-06,Completed
2633,9,2026-04-10,Completed
2634,190,2025-11-13,Completed
2635,289,2024-12-14,Completed
2636,72,2025-11-22,Completed
2637,165,2024-10-05,Completed
2638,79,2024-11-11,Completed
2639,465,2024-11-03,Completed
2640,428,2025-04-18,Pending
2641,324,2025-12-11,Completed
2642,345,2025-06-27,Completed
2643,344,2025-08-16,Completed
2644,461,2024-09-17,Completed
2645,301,2026-01-19,Completed
2646,65,2025-10-28,Completed
2647,491,2024-08-08,Completed
2648,284,2025-09-21,Pending
2649,487,2025-09-18,Completed
2650,453,2024-12-18,Completed
2651,100,2025-08-23,Completed
2652,418,2024-10-03,Completed
2653,253,2025-10-25,Completed
2654,496,2024-10-05,Cancelled
2655,285,2025-03-13,Completed
2656,440,2025-11-01,Completed
2657,125,2025-05-19,Completed
2658,165,2025-08-30,Pending
2659,219,2025-04-19,Completed
2660,77,2024-12-05,Completed
2661,500,2026-03-25,Completed
2662,329,2024-08-03,Completed
2663,245,2025-09-04,Pending
2664,497,2025-11-11,Completed
2665,425,2025-07-16,Completed
2666,290,2025-08-09,Completed
2667,114,2025-09-18,Completed
2668,222,2025-05-22,Completed
2669,209,2024-12-16,Completed
2670,327,2025-10-27,Completed
2671,203,2026-01-19,Pending
2672,183,2026-06-02,Pending
2673,400,2025-04-26,Completed
2674,442,2026-02-26,Pending
2675,75,2024-09-23,Completed
2676,271,2026-02-06,Completed
2677,251,2026-04-15,Completed
2678,394,2024-11-18,Completed
2679,146,2025-06-24,Pending
2680,351,2024-12-19,Completed
2681,61,2025-11-01,Completed
2682,77,2025-06-21,Completed
2683,10,2024-09-01,Completed
2684,330,2024-12-22,Cancelled
2685,355,2024-09-24,Completed
2686,438,2025-12-18,Pending
2687,105,2026-04-12,Completed
2688,371,2025-03-16,Completed
2689,459,2024-06-29,Completed
2690,224,2025-01-08,Completed
2691,261,2024-08-08,Completed
2692,255,2024-09-09,Completed
2693,43,2025-07-19,Pending
2694,301,2026-04-12,Completed
2695,270,2025-01-14,Completed
2696,204,2024-08-22,Completed
2697,495,2025-07-25,Completed
2698,79,2024-08-26,Cancelled
2699,17,2024-10-22,Completed
2700,495,2026-02-06,Completed
2701,193,2025-01-26,Completed
2702,328,2026-02-12,Completed
2703,446,2024-08-16,Completed
2704,199,2025-10-24,Completed
2705,429,2026-01-18,Completed
2706,111,2025-01-09,Completed
2707,371,2025-10-06,Completed
2708,99,2025-01-13,Cancelled
2709,491,2024-08-11,Pending
2710,334,2025-03-05,Completed
2711,200,2025-08-24,Completed
2712,301,2024-12-26,Completed
2713,51,2025-02-09,Completed
2714,56,2026-04-17,Completed
2715,347,2026-02-10,Completed
2716,21,2025-12-02,Completed
2717,192,2025-03-16,Completed
2718,126,2024-12-14,Completed
2719,112,2025-11-10,Completed
2720,355,2024-11-21,Completed
2721,192,2026-05-18,Completed
2722,63,2024-09-20,Completed
2723,227,2025-08-04,Completed
2724,452,2025-10-04,Completed
2725,225,2024-07-01,Completed
2726,446,2026-03-22,Pending
2727,24,2024-07-30,Completed
2728,207,2026-02-14,Cancelled
2729,330,2024-11-02,Completed
2730,109,2026-06-17,Completed
2731,83,2024-12-29,Completed
2732,75,2024-06-26,Completed
2733,441,2025-11-29,Completed
2734,53,2024-10-22,Completed
2735,368,2025-02-24,Cancelled
2736,158,2025-12-28,Completed
2737,232,2025-09-04,Completed
2738,437,2025-12-25,Completed
2739,216,2025-01-09,Completed
2740,230,2025-10-23,Completed
2741,17,2025-08-03,Completed
2742,334,2025-01-22,Completed
2743,15,2025-11-20,Cancelled
2744,147,2025-05-04,Cancelled
2745,470,2026-04-07,Completed
2746,470,2026-02-09,Completed
2747,277,2024-07-16,Completed
2748,299,2024-07-20,Completed
2749,379,2025-12-14,Completed
2750,165,2024-10-21,Completed
2751,388,2026-06-02,Pending
2752,129,2025-02-13,Completed
2753,331,2025-12-03,Completed
2754,116,2025-03-15,Cancelled
2755,181,2026-02-25,Completed
2756,9,2025-01-22,Completed
2757,166,2026-06-21,Pending
2758,285,2024-09-11,Completed
2759,232,2026-04-14,Completed
2760,388,2025-02-06,Completed
2761,182,2026-05-27,Completed
2762,264,2024-12-19,Pending
2763,282,2024-12-31,Pending
2764,20,2024-10-24,Pending
2765,448,2024-07-06,Completed
2766,103,2024-07-08,Completed
2767,156,2026-06-09,Completed
2768,93,2024-08-08,Completed
2769,226,2025-05-19,Completed
2770,243,2026-01-14,Completed
2771,266,2024-10-21,Completed
2772,209,2026-05-25,Pending
2773,285,2025-11-03,Completed
2774,413,2025-01-08,Completed
2775,381,2026-04-20,Completed
2776,228,2024-11-14,Completed
2777,81,2026-03-23,Completed
2778,100,2025-04-30,Completed
2779,372,2025-10-01,Completed
2780,379,2024-08-22,Completed
2781,181,2024-11-30,Completed
2782,260,2025-09-02,Completed
2783,289,2025-11-07,Completed
2784,461,2025-07-21,Completed
2785,242,2026-01-04,Cancelled
2786,3,2025-11-16,Completed
2787,32,2024-07-12,Completed
2788,51,2026-04-09,Completed
2789,17,2024-08-24,Completed
2790,432,2025-12-15,Pending
2791,43,2025-04-19,Completed
2792,286,2025-10-30,Completed
2793,329,2025-12-18,Completed
2794,460,2025-06-23,Completed
2795,228,2024-06-30,Completed
2796,137,2025-12-03,Pending
2797,412,2025-09-10,Completed
2798,15,2025-12-18,Completed
2799,377,2025-02-09,Completed
2800,348,2026-02-06,Completed
2801,84,2025-02-16,Completed
2802,35,2024-08-26,Completed
2803,100,2024-09-24,Completed
2804,92,2024-09-15,Completed
2805,415,2025-03-01,Completed
2806,19,2024-08-20,Cancelled
2807,494,2025-03-16,Completed
2808,21,2025-12-31,Pending
2809,81,2025-03-06,Completed
2810,457,2025-05-18,Completed
2811,96,2025-01-05,Completed
2812,31,2026-04-26,Cancelled
2813,449,2025-05-28,Completed
2814,275,2024-07-27,Completed
2815,235,2025-01-05,Completed
2816,449,2025-05-08,Pending
2817,191,2026-05-18,Cancelled
2818,94,2025-02-19,Pending
2819,432,2026-03-15,Completed
2820,177,2026-06-19,Pending
2821,93,2026-06-07,Completed
2822,405,2024-10-15,Completed
2823,249,2025-10-09,Completed
2824,7,2025-04-23,Completed
2825,313,2026-02-11,Completed
2826,238,2026-01-26,Completed
2827,411,2024-11-05,Completed
2828,186,2025-08-01,Cancelled
2829,328,2025-08-30,Completed
2830,45,2024-09-18,Completed
2831,137,2026-01-15,Cancelled
2832,114,2025-02-17,Completed
2833,436,2024-07-31,Completed
2834,72,2025-06-18,Cancelled
2835,128,2025-07-01,Completed
2836,413,2025-06-12,Completed
2837,19,2025-03-25,Pending
2838,366,2025-06-23,Completed
2839,138,2025-06-19,Completed
2840,306,2024-12-04,Completed
2841,75,2025-06-19,Cancelled
2842,433,2024-08-15,Completed
2843,284,2025-10-28,Completed
2844,203,2025-05-11,Completed
2845,305,2026-05-01,Completed
2846,354,2025-04-18,Pending
2847,38,2026-06-17,Completed
2848,430,2026-02-09,Cancelled
2849,25,2025-03-10,Completed
2850,385,2025-08-12,Cancelled
2851,490,2024-07-25,Completed
2852,210,2025-05-18,Completed
2853,238,2025-09-24,Completed
2854,356,2026-01-20,Completed
2855,303,2025-05-21,Completed
2856,345,2024-09-24,Completed
2857,125,2024-12-06,Completed
2858,43,2025-05-04,Completed
2859,318,2024-08-12,Completed
2860,413,2026-04-22,Completed
2861,409,2024-12-31,Completed
2862,86,2025-08-10,Completed
2863,80,2025-08-28,Completed
2864,314,2026-06-03,Completed
2865,475,2025-04-26,Completed
2866,432,2026-06-10,Completed
2867,142,2025-05-28,Pending
2868,38,2026-06-17,Completed
2869,357,2026-04-13,Completed
2870,420,2026-02-17,Completed
2871,445,2026-06-01,Completed
2872,32,2026-03-09,Cancelled
2873,155,2025-03-11,Completed
2874,402,2025-05-24,Cancelled
2875,455,2025-08-05,Completed
2876,314,2026-03-26,Completed
2877,40,2026-01-02,Cancelled
2878,200,2026-06-19,Completed
2879,429,2024-11-19,Cancelled
2880,76,2025-03-03,Completed
2881,381,2025-01-31,Completed
2882,365,2024-07-25,Cancelled
2883,135,2026-05-11,Completed
2884,277,2026-06-07,Cancelled
2885,204,2025-01-12,Completed
2886,109,2025-10-13,Completed
2887,409,2025-01-05,Completed
2888,240,2025-08-02,Completed
2889,347,2025-10-08,Completed
2890,270,2026-05-22,Completed
2891,203,2024-09-27,Completed
2892,140,2024-10-17,Completed
2893,81,2025-01-25,Completed
2894,229,2026-03-13,Completed
2895,482,2024-11-05,Completed
2896,466,2024-10-06,Completed
2897,132,2024-11-29,Completed
2898,86,2025-03-29,Cancelled
2899,250,2026-05-20,Pending
2900,106,2025-05-30,Completed
2901,328,2026-01-27,Completed
2902,456,2025-11-19,Completed
2903,364,2025-06-16,Completed
2904,466,2024-09-26,Pending
2905,342,2025-02-11,Completed
2906,450,2025-01-09,Completed
2907,152,2026-01-06,Completed
2908,474,2024-06-26,Completed
2909,65,2025-12-09,Completed
2910,394,2024-11-19,Completed
2911,483,2024-07-09,Completed
2912,35,2025-04-05,Completed
2913,385,2025-04-19,Completed
2914,276,2024-06-25,Completed
2915,25,2025-07-01,Completed
2916,244,2025-04-30,Completed
2917,430,2025-11-23,Completed
2918,93,2024-11-07,Completed
2919,172,2024-08-07,Completed
2920,335,2025-09-22,Pending
2921,168,2025-04-26,Completed
2922,10,2025-06-09,Completed
2923,243,2025-04-21,Cancelled
2924,326,2024-09-21,Completed
2925,62,2024-11-11,Completed
2926,188,2025-06-24,Completed
2927,125,2024-10-31,Completed
2928,223,2024-07-21,Pending
2929,115,2026-01-15,Completed
2930,308,2024-12-15,Completed
2931,385,2024-08-02,Completed
2932,71,2024-11-01,Completed
2933,416,2024-08-25,Completed
2934,339,2026-03-06,Completed
2935,94,2024-09-08,Completed
2936,131,2025-01-12,Completed
2937,150,2025-03-16,Completed
2938,184,2025-06-21,Completed
2939,428,2025-04-24,Completed
2940,86,2025-08-20,Completed
2941,465,2025-01-22,Cancelled
2942,440,2026-02-10,Completed
2943,479,2024-10-28,Completed
2944,443,2025-07-09,Completed
2945,455,2026-06-11,Completed
2946,138,2025-01-20,Completed
2947,350,2024-09-21,Completed
2948,36,2026-04-26,Completed
2949,146,2025-05-24,Completed
2950,471,2025-02-28,Cancelled
2951,52,2025-02-23,Completed
2952,72,2025-07-14,Cancelled
2953,115,2026-02-28,Completed
2954,43,2026-04-15,Completed
2955,274,2024-07-27,Completed
2956,301,2025-04-26,Cancelled
2957,191,2025-11-27,Completed
2958,360,2024-12-24,Completed
2959,81,2025-01-28,Completed
2960,34,2025-02-07,Completed
2961,206,2024-08-01,Cancelled
2962,166,2025-06-21,Completed
2963,334,2024-10-26,Completed
2964,436,2024-07-12,Completed
2965,495,2024-07-23,Completed
2966,228,2025-04-17,Completed
2967,9,2026-02-01,Completed
2968,227,2025-07-13,Completed
2969,94,2025-01-27,Completed
2970,66,2024-08-04,Completed
2971,58,2025-11-06,Completed
2972,367,2024-09-13,Completed
2973,37,2025-04-12,Completed
2974,206,2024-10-20,Completed
2975,128,2026-03-21,Completed
2976,67,2026-04-18,Cancelled
2977,482,2026-05-16,Pending
2978,341,2024-10-19,Completed
2979,246,2025-03-29,Completed
2980,447,2026-02-11,Completed
2981,11,2025-06-13,Completed
2982,59,2025-09-11,Completed
2983,235,2025-03-27,Completed
2984,49,2024-12-12,Completed
2985,101,2024-10-15,Completed
2986,383,2024-08-26,Cancelled
2987,173,2026-05-28,Completed
2988,212,2025-08-01,Completed
2989,97,2025-03-01,Completed
2990,453,2025-12-13,Completed
2991,129,2024-07-10,Completed
2992,43,2024-07-15,Pending
2993,479,2024-09-26,Completed
2994,108,2025-08-15,Completed
2995,276,2026-03-20,Completed
2996,8,2026-06-14,Completed
2997,460,2024-11-30,Completed
2998,454,2025-01-30,Cancelled
2999,82,2025-09-26,Cancelled
3000,454,2026-05-23,Completed
